theta0,theta1,theta2,theta3,theta4,theta5,theta6,theta7,theta8,theta9
-6.634129967269589e-05,-3.702478803602609e-05,-4.4812537257943406e-05,-8.395533277154989e-05,-6.530806654447683e-05,-7.342523836434207e-05,-4.1152286711158194e-05,-6.439470319905303e-05,-7.008323975001034e-05,-7.651881199861294e-05
0.0,0.0,0.0,0.0,0.0,0.0,0.0,0.0,0.0,0.0
0.0,0.0,0.0,0.0,0.0,0.0,0.0,0.0,0.0,0.0
-1.5009377503826406e-11,1.4574095638754768e-10,-3.464387360520555e-11,-6.006311033579229e-11,-5.5998306206177564e-11,-6.230273558397973e-11,-3.0763160314543216e-11,-6.219726003995592e-11,-5.19621701157876e-11,-5.998880770539327e-11
1.3866685936619505e-10,-1.2600044882696605e-09,4.2851273628637466e-10,3.809440630402912e-10,6.297000433953432e-10,6.958493990051335e-10,4.264190211877824e-10,7.731540523259574e-11,5.758719586042517e-10,6.830260629448733e-10
6.946737337039243e-10,-1.0706773957086414e-09,1.5330568060413565e-10,4.750463927404161e-09,1.1999441032392895e-09,1.2034790585022754e-09,-9.285874496628172e-10,-1.6517763506601629e-09,1.0044288433228886e-09,1.2509830200154358e-09
-4.056953078054829e-09,-2.2926766660431135e-08,-2.067269479999621e-08,2.8909654795194628e-09,-2.8928298430185692e-08,-2.998470182994929e-08,-1.4762958478374547e-08,1.2258626442673865e-07,-2.4163369349775325e-08,-3.2529741291409365e-08
-1.955126290572432e-08,-2.088103041310054e-08,-2.7600261910996726e-08,-5.2449335900108144e-08,-4.6916777525018054e-08,-4.886839900921147e-08,-2.3996188740150974e-08,1.6135208502929407e-07,-3.9231187485335015e-08,-5.103553849049252e-08
-4.135903759531893e-08,-2.3262558195641368e-11,-2.39049607280513e-08,-4.706111511595219e-08,-4.496842690480359e-08,-4.5450884794853855e-08,-2.268873217172636e-08,4.4595288232804096e-08,-3.5781729257891435e-08,-4.3100434733939035e-08
-2.3108923552433856e-08,-1.771970070955968e-08,-1.068257055669059e-08,-1.823260933589459e-08,-9.873950499320736e-09,-2.0295907655443255e-08,-1.0185655973487658e-08,1.6141144955101949e-09,-1.5554217463616735e-08,-1.9093109817852053e-08
-1.9771426598074617e-08,-1.4271737112056026e-08,-1.0133776175437439e-08,-1.760809237979428e-08,4.928590406927623e-08,-1.83435113118947e-08,-9.309478342348811e-09,-2.180321192485605e-08,-1.4487950024065918e-08,-1.8423213691281535e-08
-4.038863011657278e-09,-3.334729469601784e-09,-2.5278380381986597e-09,-3.5567718499561264e-09,1.7909865202139836e-08,-4.499879620557445e-09,-2.293520113131871e-09,-7.804060094305291e-09,-3.596259278609558e-09,-4.605860539655373e-09
4.532569173752445e-09,2.4528843066970975e-09,1.8296476814219534e-09,-6.283157596955756e-09,-2.937959389610978e-09,3.3839653138417132e-09,1.6603148205144286e-09,2.9740894855169553e-09,2.6032712861182395e-09,3.320542879422775e-09
8.680573228409261e-09,4.295983141805404e-09,3.4102971563035923e-09,-2.4288816008423333e-08,5.45474477397967e-09,7.091229669889882e-09,2.981124404469407e-09,4.506341499053006e-09,4.765632585325901e-09,1.7740355420820812e-09
1.415434571967059e-08,6.833988206908159e-09,4.363219406280194e-09,-2.0291287544456104e-08,8.238226611518298e-09,-6.001647447491283e-09,4.895056386396779e-09,-6.632784299452949e-10,7.901214435663956e-09,4.489541648824197e-09
1.9109732675659396e-08,9.290879794525361e-09,5.025467157050528e-10,-4.353838760308063e-08,1.1066108403713322e-08,-8.410065309445545e-09,6.627281020013732e-09,8.236617957544239e-09,1.1135673923684523e-08,1.2373600615361529e-08
7.484956279011713e-09,5.089665343914769e-09,-4.197311376524868e-11,-4.965219035130771e-08,6.234942713315974e-09,7.199093166133919e-09,3.6429680594200814e-09,6.715487776651895e-09,6.7306656551921905e-09,6.825280049784951e-09
2.577383678989107e-09,1.4038317010670847e-09,1.6000845531957398e-09,-1.7252006290157535e-08,1.920725874509617e-09,2.446292513837858e-09,1.0578369199647121e-09,1.9795910861439047e-09,2.016113861131797e-09,2.1624860402708084e-09
1.3371087226737249e-11,4.288098327142407e-11,3.1050609499892504e-11,-8.296241036627703e-11,7.376335903005243e-11,6.362751358401938e-11,3.110683555708356e-11,7.589370083770729e-11,5.0633453617773275e-11,7.938443080763638e-11
-2.6818775507217107e-11,-1.7944641111100633e-11,-1.6000875012519754e-11,1.755228671068588e-10,-2.5399912830825928e-11,-2.8666829733170736e-11,-1.3321846970985715e-11,-2.611784798849534e-11,-2.4526503837041987e-11,-2.8191385508387233e-11
0.0,0.0,0.0,0.0,0.0,0.0,0.0,0.0,0.0,0.0
-1.1989093171436512e-11,-1.9964544222842087e-12,-3.162758399644229e-12,-4.1419086833088335e-12,-4.058580393217989e-12,-4.535552521389964e-12,3.4154578779845453e-11,-2.961316809789531e-12,-3.693766116067097e-12,-4.251882756425997e-12
7.960397854747291e-11,2.1694840627129502e-11,2.576865202257534e-11,1.887751860985269e-10,6.672035351732356e-11,2.725574195614566e-11,-4.0069592263066016e-10,1.2331230896020711e-11,2.1695746404496405e-11,2.6891004691201925e-11
3.918813736294844e-10,-1.8520601553837168e-09,5.301322964494334e-10,9.10446342251762e-10,6.183178700986558e-10,6.354259550179345e-10,1.2448401547767508e-10,6.39564657138663e-10,5.296723387186e-10,6.051828852038561e-10
3.482942098956066e-09,1.7426463725019723e-08,-3.6032458788310182e-09,-2.1735403478072594e-08,-6.961534843963706e-09,-2.81186124370743e-09,-2.3864242207986473e-09,-4.180820638621476e-09,-2.3142939263178955e-09,-2.823975138084897e-09
8.626948158025102e-09,2.2371139441151955e-08,-1.793576354025664e-09,-5.888499000618043e-08,-1.513257771815607e-08,1.929871871215123e-09,1.8123426227582526e-08,-1.4842828469778704e-08,7.54048414425958e-10,1.4989109171769644e-09
-7.402951744371518e-08,-5.0266957400575856e-08,-3.6934343229901797e-09,-1.215173954083035e-07,-9.19524469832074e-08,-6.418753693711835e-08,-2.8993932188834014e-08,2.3320974266837125e-07,-5.039697300648102e-08,-6.84724836734181e-08
-2.055281525810665e-07,-1.4193626976821386e-07,-1.2524578481202083e-07,-2.461202939053942e-07,-2.6116318644451305e-07,-2.2582282824398475e-07,-1.0915395917384021e-07,8.036135295115456e-07,-1.8036963479026174e-07,-2.3220275410101057e-07
-4.042868003557789e-07,-2.1123602551152623e-07,-1.9687181653823066e-07,-3.0338895541071726e-07,-3.591799627574932e-07,-3.60260597787608e-07,-1.7399150253222485e-07,1.0601887777794544e-06,-2.9160099374223776e-07,-3.615246475485109e-07
-3.580786949280795e-07,-2.0788061388068102e-07,-1.5025227686263215e-07,-2.6844741698721314e-07,-1.4735080408074928e-07,-2.8932106930104076e-07,-1.3708868637283345e-07,8.033377650227811e-07,-2.3641643739201303e-07,-3.08290875328844e-07
-1.0337505088182091e-07,-1.0976426048067232e-07,-7.632065685604766e-08,-1.2983167835497596e-07,8.349623938951123e-08,-1.4826257965104762e-07,-6.894773206769278e-08,1.685815827481795e-07,-1.1710211241104863e-07,-1.9468662110257628e-07
-1.1713017629298202e-08,-8.71206087750068e-09,-1.1036177927893193e-08,-1.5539991298005116e-08,1.0456989815236503e-07,-9.564182830778498e-09,-8.857367045225861e-10,-6.525010988876581e-08,-1.6623972573017064e-09,-5.791366416333056e-08
-5.056400281485935e-08,1.2408789395012177e-08,-2.1835154735546794e-08,1.1348883192812299e-07,-1.6870591718251783e-08,1.6070594999431924e-10,1.4493315833334076e-08,-1.7368946522673606e-08,2.203793786714105e-08,-4.4212607515449235e-09
-1.206802376881159e-07,-3.786520316740973e-09,-1.0729110135710341e-07,2.3922060304002973e-07,-3.254066075716688e-08,-5.8991035045380144e-08,7.805391693182237e-09,-1.2906578509991211e-08,7.381225333294095e-09,4.320005546013111e-08
-1.5634789829027315e-07,-1.696549672330222e-08,-1.9579914999492146e-07,3.450076676794709e-08,-1.073300540645717e-08,9.862276785952253e-08,6.935276542294798e-10,8.836954302183148e-08,-8.264610557384565e-09,3.8810164782673426e-08
-1.6817566996019266e-07,-4.167998290368531e-08,-1.6979664393436972e-07,1.7440096010808348e-07,-3.449797865380508e-08,1.3634819358383788e-07,-1.729082201813589e-08,-1.3263903451764047e-09,-4.591102416794077e-08,-4.651642329345612e-08
-4.726136448841988e-08,-1.7464187948021774e-08,-8.968154169503215e-08,2.778057040371194e-07,-1.2241043992398722e-08,-4.601405787945632e-08,-5.697113115689119e-09,-1.9763158470773256e-08,-2.6585109900769473e-08,-1.6993288911881407e-08
-1.24340321361293e-08,1.7491564313623898e-09,-3.736928602825571e-08,5.70244368979183e-08,3.53973423103241e-09,-1.1425873604406408e-08,2.6876069239936924e-09,-3.327725230137435e-09,1.2014450280121895e-09,3.0759700015799254e-09
6.657010990352029e-09,6.565567005761682e-09,6.859326184325923e-10,-4.380115761468972e-08,8.502902873831085e-09,4.944169072821953e-09,4.672359479147328e-09,1.918700746558546e-09,8.997369198244739e-09,8.088651956156932e-09
7.829782635954147e-10,1.6053452888498806e-09,1.5277438856485067e-09,-3.3456334175248644e-09,1.8477456052380968e-09,2.257425466832889e-09,9.754468676228997e-10,-2.8449518395259657e-10,1.7338131723155224e-09,-3.1222701085668927e-09
3.4327669941447934e-10,5.57721640675383e-10,3.5834091023079853e-10,1.1023863608574789e-09,5.993725384904013e-10,6.642299400374216e-10,3.3223632995584424e-10,1.1176151631827982e-10,5.511241625030625e-10,-1.9549802963271467e-09
1.0213513433318589e-10,1.4893321806430103e-11,2.580446672549085e-11,3.333296927475818e-11,3.213369084143537e-11,3.654781705049231e-11,-2.9393356187636996e-10,2.2822298217861738e-11,2.95989240697747e-11,3.394193330838534e-11
-7.450558691809696e-10,-3.3672061806110723e-10,1.6321155151293195e-10,-1.9109509149661753e-09,-6.487405122274311e-10,-4.135528558802885e-10,3.595135479433095e-09,-2.709229485247661e-10,-3.028919420402551e-10,-4.101633383686024e-10
-1.5597608970441223e-09,6.077195854061926e-10,-1.4428277234447517e-09,-1.0838534058921106e-08,1.984740237358522e-09,2.9463810386997544e-09,-2.326575643207998e-09,2.9607861635979e-09,2.1968190366683007e-09,2.909352718814854e-09
-1.7210767320358485e-08,2.7517985713546594e-08,-4.0180790529481784e-08,2.292355015818236e-07,2.0413169637226443e-08,-7.2270014117651946e-09,-1.505810407322775e-08,-1.6082052497763542e-08,-7.854278823842113e-09,-5.135015907872303e-09
-1.2790717442168712e-07,-4.7704931838252727e-08,-9.667120211078727e-08,9.040546124269426e-07,1.0736243180318595e-07,-1.3429527414171498e-07,-6.061152090113186e-08,-1.378290449691955e-07,-9.901540897115569e-08,-1.1681035660108214e-07
-5.981776641451131e-07,-5.167057119457172e-07,-1.376426454383498e-07,1.0629025227012616e-06,-3.0059714336454444e-07,-7.644326773278162e-07,-3.676510204128921e-07,9.401375436256252e-07,-6.020089370942645e-07,-7.06660846966416e-07
-1.3068648449593515e-06,-9.737637704977686e-07,-3.8686068619700346e-07,1.1909370616820297e-07,-7.131523690996803e-07,-1.3943851971881467e-06,-7.072478600803766e-07,3.322285218838285e-06,-1.1232161274510745e-06,-1.369487851349609e-06
-2.000813058312992e-06,-1.191675164166717e-06,-7.724479297987872e-07,-1.0143267282151046e-06,-7.383002709384225e-07,-1.630292296326035e-06,-8.51722090425559e-07,5.292173464985963e-06,-1.2880785608459417e-06,-1.7604779501816515e-06
-2.0257904655730735e-06,-9.55309566894468e-07,-6.40756302227711e-07,-1.1590122221811983e-06,-4.0676402040277713e-07,-1.2962412723988472e-06,-7.02516562874382e-07,4.307979975738806e-06,-9.745336258752436e-07,-1.3591640056881933e-06
-1.5308395835328546e-06,-5.091749099996527e-07,-2.544982537706824e-07,-6.282758141386147e-07,-7.744042693449223e-08,-6.944348451913866e-07,-4.2459214791354973e-07,1.7557010827753694e-06,-5.362277037348595e-07,-1.8922119372151027e-07
-1.2726508853467612e-06,-3.5695154574529314e-07,-9.705834128529781e-08,-4.557692778637154e-07,4.968077228234603e-07,-4.5501249840392725e-07,-3.2782385706550783e-07,5.582023510305034e-07,-4.036056603955728e-07,4.8981083524233764e-08
-1.1389521242479748e-06,-2.889590553106119e-07,1.0119270686313695e-07,1.5548345191824413e-07,1.1610815773693538e-07,-8.539862998174487e-08,-2.778642454726318e-07,1.718187161319962e-07,-3.260083192122762e-07,-2.4306925223186384e-07
-1.360217830357797e-06,-3.7444370691692005e-07,8.701919957460375e-07,1.8500270441467916e-06,-7.554851177679007e-07,-2.9523873625131585e-07,-3.6477344121136986e-07,-2.249809769536031e-07,-4.890513970607609e-07,-3.8258687942578493e-07
-2.0672369682077426e-06,-7.497248784939956e-07,1.932119167463102e-06,4.4775549466955826e-06,-1.1797702403683238e-06,-9.741117405524183e-07,-6.620674306528685e-07,-8.761235796955147e-07,-1.0772716421741835e-06,-8.17753687801997e-07
-2.29290490845389e-06,-8.729346850277741e-07,2.2601574018181003e-06,6.239649369391188e-06,-1.2135482383668364e-06,-1.1023222091590273e-06,-7.521270487344927e-07,-1.1516162792640439e-06,-1.3623268854108585e-06,-1.0766403869464375e-06
-1.1942323213303566e-06,-4.5838496949256954e-07,1.115481770747451e-06,5.0319124819252555e-06,-6.389693730929588e-07,-9.499864073274263e-07,-3.8828952419303305e-07,-6.217564470559405e-07,-8.841089545896734e-07,-6.623208152886602e-07
-3.125212706341171e-07,-2.053734713286303e-07,9.356260899190722e-08,2.200954452292985e-06,-2.529064129099989e-07,-3.91958554637444e-07,-1.3496284041886506e-07,-2.2894126720695257e-07,-4.350494747838131e-07,-2.846650242032338e-07
-4.46532883088509e-08,-7.75797207242936e-08,-5.449844349658455e-09,6.78437897398119e-07,-9.251041002983338e-08,-9.672955151340482e-08,-4.7228304819031225e-08,-1.1320591906276955e-07,-1.325493815663671e-07,-1.399586175304734e-07
1.62616861082926e-08,1.8302773286491619e-09,-1.3520422103656043e-09,1.6561134068859687e-08,2.6812921082473073e-09,1.4017603597492938e-09,1.4602219975135798e-09,-6.004910017841349e-08,5.342176627853764e-09,2.0486157518584787e-08
2.497118002779103e-10,-3.6764346877642854e-09,-2.2413673427253788e-09,-8.144362988687675e-09,-3.5032147621413407e-09,-3.844171417417245e-09,-2.0565460116267095e-09,-2.0967052131382197e-08,-3.4123946001516986e-09,2.657213109095096e-08
4.554023843127204e-10,9.75367155059061e-11,1.4773425525838095e-10,1.7364344801617141e-10,1.7852796388134636e-10,1.8904025780155134e-10,-1.2305155271164628e-09,1.399191552064051e-10,1.5649624576138075e-10,1.8332978928328372e-10
-7.341999991937697e-10,5.717371918504156e-10,-3.2080928925506946e-09,-1.1055695013380538e-08,-1.5060455428462703e-09,8.682812780046749e-10,1.174506705730532e-08,1.1360049895785049e-09,5.150592501306399e-10,7.790690695651673e-10
-1.702181422291398e-08,2.6581385623566374e-09,-9.967637532183107e-09,-1.7180726821256063e-08,-6.044426946694637e-09,-1.6022139310302848e-09,4.635225425410617e-08,-6.1528980418104275e-09,5.669047494057773e-10,-3.143629814321763e-09
-3.0712714012418723e-07,-2.0123829529809517e-07,2.2051166123797502e-07,1.0976636915605543e-06,-3.704169129795654e-08,-3.1247523854677516e-07,-3.989515969411809e-08,-2.8886600498965734e-07,-2.4999141215472107e-07,-2.761678971297044e-07
-9.541315507735433e-07,-7.138227372249875e-07,5.674461644028054e-07,3.4378525414560784e-06,1.1633331191657441e-07,-1.0345650661274458e-06,-4.5075297502210425e-07,-4.2937420618370524e-07,-8.867040878611407e-07,-9.79494898189486e-07
-2.460362295448805e-06,-2.3124062207657265e-06,2.4926149182246143e-07,3.552840072803332e-06,-8.059542227043564e-07,-2.94524169685231e-06,-1.5601346237628794e-06,3.8106647701211766e-06,-2.4983216778276635e-06,-3.090133128137164e-06
-4.162562430576248e-06,-3.7785295431412424e-06,-5.203002822258898e-07,2.6403332103758983e-07,-1.7809282973601565e-06,-4.599990721843071e-06,-2.5437891904546137e-06,1.069077702156732e-05,-3.381321884543986e-06,-4.808391557146811e-06
-5.766826862224112e-06,-4.148527708664798e-06,-1.7226003132493006e-06,-3.6440489395635123e-06,-1.54742439271193e-06,-5.007109075546475e-06,-2.84925979006333e-06,1.3266170817192144e-05,-2.845038176126288e-06,-3.794909613102867e-06
-5.254729130362082e-06,-3.749214355297972e-06,-2.160475368763302e-06,-4.645147744058168e-06,-3.052868566430385e-07,-4.433776517750689e-06,-2.4401534848868153e-06,8.646368951144248e-06,-2.3675074858443717e-06,-1.3516867016393143e-06
-2.3903132643989873e-06,-3.2490404604879862e-06,-2.363398069399736e-06,-4.606444391659167e-06,1.281590800408943e-06,-4.082472424229702e-06,-1.868508439020157e-06,3.3115896882057884e-06,-2.8470441087373184e-06,2.852683055162692e-07
1.9311760492017053e-06,-3.323823591902673e-06,-2.250580253746111e-06,-4.975257774686683e-06,3.826908134757225e-06,-4.593591359119649e-06,-2.232134744712074e-06,-5.951137212527073e-07,-4.027492854579676e-06,-4.818068889242501e-07
4.278688405658704e-06,-3.6754698671980446e-06,-3.459735706532168e-07,-4.6489017953911915e-06,3.6991114573291594e-06,-3.956406966833521e-06,-2.7794717090043783e-06,-2.6796962820825423e-06,-4.733878554448908e-06,-3.023105543493677e-06
5.514671700870324e-06,-4.058936922183206e-06,4.711523138739311e-06,-3.746417771928205e-07,-5.722664547791734e-07,-2.0625942603356274e-06,-3.5399944050610574e-06,-4.425370587044664e-06,-5.582957348031323e-06,-5.725338166392677e-06
3.230154236923985e-06,-4.811632783745452e-06,9.577541302537543e-06,9.178919927941236e-06,-5.366086374941187e-06,7.263386793617224e-09,-4.402885636928025e-06,-6.661603738908952e-06,-6.1712030140794725e-06,-7.27768064493594e-06
-1.013711874735785e-06,-4.886872100542906e-06,1.0537978825613965e-05,1.8226724656077706e-05,-6.862143724152689e-06,1.8015754676648682e-07,-4.3802913406878625e-06,-7.074408705256229e-06,-5.255301026594304e-06,-7.335940523408451e-06
-1.3807916775785739e-06,-3.313690998242199e-06,6.385782811598006e-06,1.731227005164302e-05,-4.7395555565237735e-06,-3.538998531803711e-07,-2.8853690221718545e-06,-4.571798246762625e-06,-2.8122875246204133e-06,-5.000579073731037e-06
-7.610308679978431e-07,-1.3036160834320979e-06,1.4992780631962348e-06,9.085217062045897e-06,-1.9731491680063674e-06,-6.528016281765537e-07,-1.2020687537952902e-06,-1.5719259559990093e-06,-8.738748429796237e-07,-2.1514493627096056e-06
-5.073681583713816e-07,-4.723157854868667e-07,-1.5332155617123155e-07,2.727791382344397e-06,-6.964980680941678e-07,-3.8419188097563917e-07,-3.710926155912174e-07,2.0800958050622218e-08,-5.188193312970316e-07,-3.860271916681745e-07
-1.479574914646115e-07,-1.4128124611263383e-07,-1.2825196057135339e-07,-3.811086494531899e-08,-1.6135614145260008e-07,-2.0220813462608677e-07,-8.553079868761108e-08,3.8325900316570626e-07,-1.674613230189175e-07,2.930114187401264e-07
-3.975133370555066e-08,-3.733477362203728e-08,-2.445924630093625e-08,-6.863224063184863e-08,-4.2173407041870775e-08,-4.9048790940383877e-08,-2.2981977616797828e-08,9.889923895489187e-08,-3.788057543958685e-08,5.857663008361389e-08
7.662201398849101e-10,3.376706725731605e-10,3.9990638480552585e-10,4.2627005093396387e-10,4.85250011965541e-10,4.675448741152995e-10,-1.4247839218420572e-09,4.453600362178596e-10,3.941554508035999e-10,4.816153708118504e-10
7.187674024798539e-09,5.8392658479436254e-09,-1.845936541122543e-08,-2.1124486872161358e-08,4.0725106676863414e-09,8.683267532034688e-09,4.467464308827659e-09,7.285366267668684e-09,6.437037970695715e-09,7.47191794747143e-09
-5.4478619293718053e-08,-5.146805087161677e-08,1.6773160152334115e-07,-6.865373678810874e-09,-9.206808890006018e-08,-8.29896572917739e-08,1.4451832432841297e-07,-5.6721771096448346e-08,-5.0660413254087684e-08,-5.4792168570400026e-08
-9.922932402195243e-07,-7.513181079667114e-07,1.2793396567373327e-06,2.5043966976920855e-06,-4.143680600002355e-07,-1.0253748356406528e-06,-2.552146179981538e-07,-1.0977843675501113e-06,-9.226907285926799e-07,-1.0494597781535364e-06
-3.1338061704029273e-06,-2.5681048539053526e-06,2.128762546053723e-06,8.198006161200212e-06,-6.354405402635035e-07,-2.913016856359857e-06,-1.6004466473724619e-06,-1.5033279316511535e-06,-3.0525162777324638e-06,-3.6265847142478723e-06
-5.794785615525166e-06,-5.8748187969154496e-06,9.558457441424647e-07,7.565452850806741e-06,-2.1088318824855437e-06,-5.831262983775568e-06,-3.762923674011917e-06,7.346527238241647e-06,-5.173477622342024e-06,-7.333183640851462e-06
-8.320551051074203e-06,-8.91080481328665e-06,-1.5679234984567316e-06,-1.157765071510044e-06,-3.6263750536940145e-06,-9.223741892605918e-06,-5.701185266538885e-06,2.117231239262552e-05,-5.795877452936273e-06,-8.734406337054696e-06
-8.538035272817719e-06,-9.472510212941774e-06,-4.559925464365734e-06,-9.138701402739974e-06,-2.3096752047862286e-06,-9.648912115779822e-06,-5.656856017616666e-06,2.1726101832575143e-05,-4.804737670358186e-06,-4.0253950307583245e-06
-3.739098982674907e-06,-9.131845695237736e-06,-6.681779865759416e-06,-1.2852974367389691e-05,2.0825675172511436e-06,-7.781796307455492e-06,-4.576235356803906e-06,9.544973903249772e-06,-5.869359804229953e-06,1.9215053768638666e-06
3.006649816350872e-06,-9.612045393425562e-06,-8.228984187822786e-06,-1.489765592719723e-05,9.584519562714654e-06,-7.414778800939867e-06,-4.412065198501792e-06,-8.485256607973798e-07,-9.161226103517037e-06,3.325620069339381e-06
1.1472310784888492e-05,-1.0470745712596788e-05,-7.347554480635701e-06,-1.6319258264883628e-05,1.9470633810479132e-05,-1.0813487176142414e-05,-4.443976127579408e-06,-8.518515297424687e-06,-1.2780872534272447e-05,-4.1572209376988147e-07
1.7126997803655776e-05,-1.1029012267067437e-05,-2.8596214949258144e-07,-1.67551120733532e-05,1.9238323298305883e-05,-1.3954039226671315e-05,-4.690176083385444e-06,-1.167846813628365e-05,-1.457921822896737e-05,-7.141244742895304e-06
2.0425276427343447e-05,-1.1003336167676408e-05,1.1735973187316544e-05,-1.2462111813291873e-05,4.54520408060081e-06,-6.9762702965689625e-06,-5.815545302938952e-06,-1.4577033832608969e-05,-1.387685871647426e-05,-1.3823784217014518e-05
1.595839939882841e-05,-1.221486354466393e-05,1.8201457750457548e-05,1.281036854325338e-06,-1.0625891428772004e-05,8.968466732282732e-06,-8.473613738868617e-06,-1.7729732438391106e-05,-1.146370116574084e-05,-1.7959507401023303e-05
6.333030710062158e-06,-1.2824889468837617e-05,1.8452032480944372e-05,1.9909784189631798e-05,-1.7077441828476606e-05,1.6986073671284757e-05,-1.03329774213278e-05,-1.852596453241916e-05,-6.487588274580773e-06,-1.9150694798595805e-05
6.644928141225974e-07,-9.339534107386553e-06,1.2578702430090675e-05,2.808483282418917e-05,-1.4364627601038711e-05,1.1541938488135775e-05,-8.670605277700384e-06,-1.4039164884174084e-05,1.1773633051661092e-07,-1.5234527214271084e-05
-6.936177929626666e-07,-3.689466022611426e-06,3.5018034105046567e-06,1.909124195449052e-05,-7.02613508426878e-06,2.4716254342322187e-06,-4.383916242672462e-06,-6.067449066128207e-06,3.010353636589512e-06,-7.427727246677673e-06
-1.9217369963264703e-06,-1.5210903114957119e-06,-7.379406210523532e-07,5.080250723495117e-06,-2.3032242108190103e-06,-9.412237064466062e-07,-1.4761889652485335e-06,8.666054098828544e-07,4.84491518206734e-07,-9.223387547433678e-07
-9.364499680565765e-07,-8.133772945251204e-07,-6.492734457729709e-07,-5.83487050661991e-07,-9.518447464088734e-07,-8.330755616470239e-07,-4.952759270658837e-07,3.5261170190499178e-06,-1.0248284467779527e-06,6.359489047574508e-07
-2.502709733892123e-07,-1.927883049459832e-07,-1.3275059166104576e-07,-3.0000349312292635e-07,-2.3830112020586865e-07,-2.314462946314146e-07,-1.2350956095938289e-07,1.0284637759637881e-06,-2.0244733299566886e-07,-9.702835936225536e-08
-1.2277982440783073e-08,-4.282895070359113e-09,-8.067341214995621e-09,-5.336334971460181e-09,-6.461857505708087e-09,-5.686319206574948e-09,2.118608496976625e-08,-6.23167525591301e-09,-4.960401417837578e-09,-6.3050935553251275e-09
-1.8138190640610026e-08,5.1606580296132355e-09,-2.0151447513059804e-08,-7.714281455833113e-08,-1.6458370922483373e-08,1.518451723665782e-09,1.195361225078921e-07,5.498875327576233e-09,-5.48270317590123e-10,3.0045374730841774e-09
-2.983150749194796e-07,-2.22836491713173e-07,8.680684692915646e-07,-9.029431342570526e-08,-2.8424386931642156e-07,-3.666007226014726e-07,1.1127506262895289e-07,-2.8014048916108295e-07,-2.2795040905093924e-07,-2.693472519267067e-07
-2.966854635013479e-06,-1.911683126165072e-06,3.295760432489291e-06,5.408408869531251e-06,-9.089039409995514e-07,-1.9270608892010437e-06,-1.0433665837074407e-06,-2.8490927273593088e-06,-2.366120544044742e-06,-2.9395105838616836e-06
-7.77070080307847e-06,-6.33476832557678e-06,5.187178455915587e-06,1.6773687107616982e-05,-1.989154062917155e-06,-4.417478253979469e-06,-4.041597521731735e-06,-4.753477403244724e-06,-6.102144005653815e-06,-9.030588153360738e-06
-1.0366394510507631e-05,-1.2284726956897244e-05,1.9170258517271497e-06,1.17395052376946e-05,-3.0808397853759175e-06,-8.034229179199606e-06,-7.68757968864789e-06,1.0222507308674878e-05,-5.863062065143558e-06,-1.3377039444491489e-05
-1.1678912166091195e-05,-1.7797259918337896e-05,-4.78086236067345e-06,-8.396717075463041e-06,-4.462676748529538e-06,-1.2019834631094661e-05,-1.0155372296135062e-05,3.399432833615765e-05,-5.993327500548746e-06,-1.1306203193187353e-05
-7.862106003571598e-06,-1.8991139306409237e-05,-1.1208677116792967e-05,-2.273605338669895e-05,9.06602567654646e-07,-1.064716559714375e-05,-9.065461507850716e-06,3.299766415924323e-05,-7.081124922749375e-06,5.6616263696838584e-08
1.5365552621412541e-07,-1.869567533023416e-05,-1.5685236697983577e-05,-2.806914465569841e-05,1.3889522800134481e-05,-4.472900469345216e-06,-7.255210615276732e-06,1.0300856702009651e-05,-1.1473762767823318e-05,1.3312611168733576e-05
7.236169989127555e-06,-2.0263899347535123e-05,-1.768411300991204e-05,-2.8787860775854634e-05,2.898385713546197e-05,-2.452421027971406e-06,-5.644036734316434e-06,-9.016464836757181e-06,-1.8337574516988932e-05,1.791043716148146e-05
1.5693836702384264e-05,-2.1213271477278346e-05,-1.2409249849312816e-05,-2.8980740869787208e-05,4.298780512689502e-05,-1.1905836373602222e-05,-1.998104481236108e-06,-2.0987094865571576e-05,-2.424787504293943e-05,1.0485985400325626e-05
2.25909757562303e-05,-1.9348616115946136e-05,2.5525060617529204e-06,-2.8635394584639037e-05,3.969090146884337e-05,-2.2066193863973216e-05,2.959978772697364e-06,-2.325592621850357e-05,-2.4301714166054565e-05,-2.9291463882009956e-06
2.5563398866959192e-05,-1.6957270061154124e-05,1.6961393624508675e-05,-2.3373419138283835e-05,1.3177835648923759e-05,-1.5182865002685424e-05,5.8117951613054025e-06,-2.1814116931357532e-05,-1.388745102221699e-05,-1.593641160090774e-05
2.4701066366971187e-05,-1.719378420291291e-05,2.2582650777996882e-05,-1.0479495542802407e-05,-1.461063065510613e-05,7.058005728213064e-06,1.4130024633837678e-06,-2.4904890212587982e-05,-1.4246803029481543e-06,-2.413441361139469e-05
1.581440008205387e-05,-1.7508819798292587e-05,2.227760780847018e-05,9.665600605666018e-06,-2.699917502183681e-05,2.63657929892461e-05,-8.67868054410432e-06,-2.896344537281874e-05,5.5343515203584375e-06,-3.012167585354284e-05
6.372338096452515e-06,-1.1824162295053762e-05,1.5365548507852232e-05,3.1384218263349475e-05,-2.825501263978933e-05,2.511656314992051e-05,-1.5016076261804753e-05,-2.7857551018319556e-05,7.975860879006544e-06,-2.9943038922667275e-05
-2.128801402834479e-07,-2.9528631097180002e-06,2.193098738749537e-06,2.824990791106229e-05,-1.862127685404763e-05,7.737684380614462e-06,-1.1398521088202647e-05,-1.415571561501856e-05,8.177717759327339e-06,-1.763131067789248e-05
-4.741108082790454e-06,-3.4687505842999518e-06,-3.839522762675081e-06,7.650495614495947e-06,-7.689824756507925e-06,-2.148407483465717e-06,-4.831554385725056e-06,6.4987714899270925e-06,2.405587663587693e-06,-2.234046201781452e-06
-2.7887294673953136e-06,-3.0284853731421746e-06,-2.131532175739553e-06,-2.6646734981743375e-06,-3.182899575673422e-06,-2.9419380993742246e-06,-1.790400685781247e-06,1.2653201632907948e-05,-3.3424327012660174e-06,1.4123624780248205e-06
-5.703133686784592e-07,-5.20075251325562e-07,-3.589337376920978e-07,-7.633396906246717e-07,-6.420164677739796e-07,-7.077457753667972e-07,-3.3313848074566007e-07,2.9464876814888263e-06,-5.694179894493786e-07,-2.561365574715576e-07
-2.767945837544207e-08,-1.0103082942284146e-08,-1.9981304695583244e-08,-1.2266264760748682e-08,-1.5116172654557253e-08,-1.3474346258739649e-08,4.445524522725927e-08,-1.4762169698414481e-08,-1.1513460152172149e-08,-1.4925923686689646e-08
-1.4583214045553036e-07,-1.09662069309101e-09,-7.009600615194726e-08,-1.7634234873116582e-07,-6.461400576903047e-08,-4.4103057595171263e-08,4.4374807182418596e-07,-1.9839966595825587e-08,-2.8937853319020213e-08,-2.721694828906243e-08
-1.0859763272773095e-06,-6.197992349761859e-07,2.224877577693014e-06,-4.026014562638592e-07,-7.913524071019394e-07,-8.67612803895102e-07,5.654196467355595e-07,-8.029384731731919e-07,-7.172393212726747e-07,-7.987233268640339e-07
-6.4321235301898855e-06,-4.600479396739473e-06,7.80326801640763e-06,8.855556832467521e-06,-3.1547975699594603e-06,-3.4805047101080453e-06,-1.4875581978114358e-06,-5.914107509512286e-06,-4.8277459361845915e-06,-6.443921930828165e-06
-1.2450003006325831e-05,-1.2339968598149097e-05,9.862495112807938e-06,2.5194393673728995e-05,-4.23539310714541e-06,-5.352415249036879e-06,-5.849320349510967e-06,-1.1453000921443183e-05,-7.129189907546835e-06,-1.6130447936640823e-05
-1.19751933764875e-05,-2.152963222293508e-05,2.6320711989314356e-06,1.3454030794789735e-05,-3.4989962345677225e-06,-8.213466104779538e-06,-1.0507371788659226e-05,9.629446365780813e-06,-2.0557003367757704e-06,-1.845462557432605e-05
-1.0544296609431138e-05,-2.9066573864732903e-05,-1.010525020816641e-05,-2.0507036146875334e-05,-3.5461982452260523e-06,-1.1977611889739471e-05,-1.245822481043364e-05,4.0201369803371075e-05,-2.7055240115081445e-06,-7.797912548206428e-06
-3.5394143556690586e-06,-3.143300613953608e-05,-2.0626894463578612e-05,-4.091499452423878e-05,6.5641447471261895e-06,-6.199607747956133e-06,-1.0064807815657446e-05,3.2298772168098296e-05,-8.132047006345776e-06,1.4373017203670611e-05
4.06332825063104e-06,-3.156180063032883e-05,-2.6312064237278262e-05,-4.3146648185658274e-05,2.3963266186284007e-05,6.125773139011564e-06,-4.958744549717723e-06,4.1206219224343124e-07,-1.5030140828109214e-05,2.8119187571726278e-05
7.963378907982022e-06,-3.359211833913439e-05,-2.708524149399077e-05,-3.5771765645264833e-05,3.767991412396571e-05,1.2427725774518112e-05,1.1014955746765174e-06,-2.4676040699727577e-05,-2.4148525228657113e-05,2.5893689258430486e-05
1.0352064396829256e-05,-3.3602591153922e-05,-1.6134178258712253e-05,-3.0431574184579918e-05,4.796666422620738e-05,2.0191188759687971e-07,8.642620374235249e-06,-3.9264523168132956e-05,-3.1315058602032794e-05,1.6368246119686524e-05
1.041060081447055e-05,-3.0373624154334718e-05,3.3558769705242097e-06,-3.5488895793861245e-05,4.444277630303929e-05,-2.1179923986998806e-05,1.6295853960868604e-05,-3.662073519791433e-05,-2.6361514003539957e-05,4.0007111161406115e-06
1.1940579317668106e-05,-2.3388960217671157e-05,1.689140144419608e-05,-3.270665546447756e-05,1.4653083825263778e-05,-2.6516495289389642e-05,2.3323414646784258e-05,-2.759950639488591e-05,-2.0586236409404974e-07,-1.2654548949221642e-05
1.5970363234685766e-05,-1.5845906799305216e-05,2.178884490016618e-05,-2.5008329446743074e-05,-1.859835681303101e-05,-1.1679045026985715e-05,2.0988587498383922e-05,-2.955010514985566e-05,2.0098877466351677e-05,-2.7189608133348275e-05
1.752731701528381e-05,-9.932486683767996e-06,2.279098944027093e-05,-1.1233210053796074e-05,-3.568511671882257e-05,1.1622572370149442e-05,3.4879615045720746e-06,-3.7150640410565136e-05,1.877824472131229e-05,-3.9576299529966255e-05
1.3872322551094146e-05,-2.657755754352493e-06,1.2488465594404017e-05,1.983039332952833e-05,-4.233103263156872e-05,2.323955816609198e-05,-1.8002007487004175e-05,-3.671093830137683e-05,1.1511578582331858e-05,-4.363963185787671e-05
4.491589656649289e-06,4.312521850341748e-06,-6.189218700032863e-06,2.9276645141029017e-05,-3.337292297700503e-05,8.239133425832415e-06,-2.1360876759352523e-05,-1.782318724945151e-05,1.1443314795923575e-05,-3.0146027800497885e-05
-6.525809562909309e-06,-4.189256465503548e-06,-9.802550185675326e-06,6.945742121962756e-06,-1.3500585886219707e-05,-3.392872211309712e-06,-1.007244658601317e-05,1.4998511169390828e-05,4.167238837181962e-06,-4.019956718342569e-06
-4.232511399993231e-06,-5.611693088883625e-06,-3.8061475680965283e-06,-5.558475215787636e-06,-5.272201078880785e-06,-4.840421535693183e-06,-3.348319164462922e-06,2.1415229649326713e-05,-5.992533053011986e-06,4.080865012093141e-06
-7.088973416166045e-07,-7.769721249504475e-07,-5.235695321803766e-07,-1.1125853652310633e-06,-1.0045604031047413e-06,-1.1399377110383132e-06,-4.881488635451594e-07,4.529598636167308e-06,-8.742867939754977e-07,-1.713834487103824e-07
-8.701958683375957e-09,8.233416762303988e-10,-1.6616636785572e-08,1.1441897996389674e-09,-8.132747209294639e-10,2.3946354915298314e-10,8.268574004699527e-09,-1.1648131976110983e-09,4.2091089005446367e-10,-8.34603149747241e-10
-2.3947075395245884e-07,-1.5740450794865093e-08,-1.726235113519015e-07,-3.888682868814958e-07,-1.1359086429706254e-07,-1.0632882698990266e-07,8.624007837742909e-07,-4.529997510508471e-08,-5.841415432570133e-08,-6.441052751140719e-08
-2.5723733669898345e-06,-1.6346238495955e-06,4.138801369804778e-06,-5.759032253055882e-07,-2.246926612455289e-06,-2.183206401453989e-06,1.5848108119229828e-06,-2.1133691739644248e-06,-2.053334854017962e-06,-2.14821013966945e-06
-1.0942197543056418e-05,-8.827325333224014e-06,1.22752146037103e-05,1.636792373644823e-05,-7.461078470108422e-06,-6.890602774601816e-06,-1.6598179219251085e-06,-1.2160454808546242e-05,-8.322217916966955e-06,-1.2991915264696715e-05
-1.4657827966839623e-05,-1.9709417332955978e-05,1.380466417525284e-05,3.501414036017166e-05,-9.048442549387934e-06,-6.916822787671532e-06,-7.437622872126833e-06,-2.1452378270038764e-05,-4.023398468657352e-06,-2.4341571406464455e-05
-8.974628527646747e-06,-3.0995062453598015e-05,1.818417637484923e-06,9.25848389576307e-06,-8.157371828101739e-06,-6.772235258342817e-06,-1.0886747355031285e-05,7.710771227658726e-06,5.635126502026357e-06,-1.400381012107266e-05
-3.055693358828453e-06,-3.996846042424801e-05,-1.6151528422500416e-05,-3.566485527242691e-05,-7.135896818554172e-06,-9.812548008905314e-06,-1.1414612372740975e-05,3.921163287751844e-05,3.4287565706363427e-06,1.1142884750575187e-05
3.178244516784959e-06,-4.186442038218858e-05,-2.8236911708293003e-05,-5.479965163342279e-05,5.672281854571023e-06,3.887902091461279e-06,-4.544380071488339e-06,2.1941534691103133e-05,-7.695893022453471e-07,2.617828993912488e-05
4.555039189053586e-06,-4.063914137577315e-05,-3.220309431777382e-05,-4.024666808576261e-05,1.7184401415443017e-05,2.5297075598059122e-05,5.632069332520513e-06,-1.574883166717022e-05,-4.2418412588523415e-06,1.6084568574581172e-05
9.939091657049966e-07,-4.2338855019424396e-05,-3.0527661205212186e-05,-1.8099121224487775e-05,1.945050240244356e-05,3.3843874855236514e-05,1.1671270132457128e-05,-4.067105556406797e-05,-1.2756354489046577e-05,6.17716229520931e-06
-3.85692161058666e-06,-4.3064948165970034e-05,-1.5347207259767248e-05,-1.566499295822815e-05,3.1431839656104504e-05,1.4456164361070422e-05,1.3604324418612888e-05,-5.3404637594263044e-05,-2.062946886773352e-05,9.705126687057245e-06
-9.990131813334974e-06,-3.804734761983136e-05,4.229842247179818e-06,-3.597265012406813e-05,3.84812965420705e-05,-1.9019517391454924e-05,1.5066049158090136e-05,-4.6962351937616e-05,-7.887847754374771e-06,6.216663093655123e-06
-8.445112852061822e-06,-1.9521333195588956e-05,1.4501279450129502e-05,-4.500406092068861e-05,7.85369588731484e-06,-3.773621399263085e-05,2.3089594278196818e-05,-3.754089130734356e-05,2.195676054139421e-05,-1.3843157040014384e-05
-2.18284596529503e-06,-4.853501602852782e-07,1.797795772146774e-05,-4.240162531682182e-05,-2.8790214878064846e-05,-3.277577611359422e-05,2.9029847797250317e-05,-3.842212509694976e-05,2.626178730292648e-05,-3.5256064057350843e-05
8.301305471687515e-06,7.2492015580616885e-06,1.884002325417315e-05,-3.4420212520422985e-05,-4.58847560787609e-05,-1.0807113157196263e-05,1.760263867990312e-05,-4.010934028036778e-05,8.730057457868427e-06,-4.8847047359385404e-05
1.6393493760351487e-05,6.28111328018792e-06,5.14559479721185e-06,1.7386898445539875e-06,-5.1592621437226504e-05,1.1176455052500792e-05,-1.3753724313704841e-05,-3.256943111092483e-05,3.2788903468499827e-06,-5.1658207943052885e-05
1.1306119733395338e-05,3.441784319962948e-06,-1.6546275394538094e-05,2.5580738816727363e-05,-4.0302798037394856e-05,7.760772212522229e-06,-2.97771754840027e-05,-1.1568124255860025e-05,1.6182082678681455e-05,-3.669474953185013e-05
-5.242862799183817e-06,-6.992377107812369e-06,-1.5634631330583697e-05,4.263084983553668e-06,-1.5906176517411338e-05,-4.149574907695722e-06,-1.5638162725614967e-05,2.0863079747214217e-05,6.740749583765562e-06,-6.019580508940674e-07
-5.213444425000135e-06,-7.291446450498693e-06,-4.900512386440411e-06,-7.5220752178459264e-06,-7.1012004582509365e-06,-6.28397395825153e-06,-4.43392581493462e-06,2.663775839335384e-05,-7.98217672581413e-06,8.205879926731847e-06
-9.951865004716124e-07,-1.0223653332767465e-06,-6.898816135419601e-07,-1.435811293625064e-06,-1.4469415943372984e-06,-1.4964214500568281e-06,-6.525295004131227e-07,6.163704960445096e-06,-1.169950728098453e-06,-5.513340415878201e-07
8.728641551988202e-09,1.4022074158091981e-08,-2.722248295945961e-08,1.5665131958968544e-08,1.3726887798597297e-08,1.5016562675764636e-08,7.561333832646147e-09,1.434713496125353e-08,1.2659259344817566e-08,1.3718174858722462e-08
-3.060945181607928e-07,-1.5569100917318356e-07,-1.6756766073494084e-07,-6.910438482510257e-07,-2.1243974814912285e-07,-2.5439465270573e-07,1.0670581462413736e-06,-1.3521175819398315e-07,-1.5216804016994186e-07,-1.5937352064536953e-07
-4.374823336177091e-06,-2.8095794571599678e-06,6.575844925342207e-06,-9.204384200935202e-07,-4.0961192115971396e-06,-3.971326844981159e-06,2.628876243114476e-06,-4.072417299982649e-06,-4.1599075712997635e-06,-4.218259142399237e-06
-1.2653317230122094e-05,-1.0815161043684692e-05,1.6421268126500614e-05,2.2426400451817253e-05,-1.4346556996491007e-05,-1.0205566757335546e-05,-1.5821470888784936e-06,-2.025859745881899e-05,-9.402043019900985e-06,-2.0733313129841835e-05
-1.2091564779409382e-05,-2.266525850286129e-05,1.4805176971705532e-05,3.893527824244538e-05,-1.935984595588197e-05,-7.138842469671241e-06,-6.514113121066874e-06,-3.2244992868816004e-05,4.818175773249864e-06,-2.7860476271459575e-05
-2.8202084430094715e-06,-3.5543774367233776e-05,-3.3829882016394725e-06,-2.6930446972401577e-06,-2.163209261626959e-05,-4.593903992082327e-06,-8.478578354115338e-06,1.9899723139409776e-06,1.032144757413559e-05,2.1896486709904237e-06
2.569773451538982e-06,-4.4131807803639696e-05,-2.2833397953699585e-05,-4.9313575609686496e-05,-1.952607446584653e-05,-3.122886849568034e-06,-5.395789453701897e-06,3.472233010895208e-05,-1.1573770369828998e-06,2.2425096386620347e-05
5.226527869558123e-06,-4.089383293673627e-05,-2.9923691821940255e-05,-5.1315184268105744e-05,-8.021617835552111e-06,1.5141401860748115e-05,5.877573354260212e-06,1.2662814665008362e-05,9.968622528070289e-08,5.2278261881345815e-06
-1.347837619823674e-06,-3.562755480105686e-05,-2.929885946870791e-05,-1.3017498975195383e-05,-8.31293363245942e-06,3.612632438705828e-05,1.191926176653824e-05,-2.2874264666883626e-05,1.2327900998613723e-05,-1.9121872860658334e-05
-1.2894679179307677e-05,-3.52127088703449e-05,-2.5540619482148768e-05,1.748386715904918e-05,-1.3025675746397459e-05,4.133457659060008e-05,9.067982713582858e-06,-4.453710425850367e-05,1.6203683150213455e-05,-1.6366344423084344e-05
-2.0736437413700183e-05,-3.258557739710471e-05,-1.1276881455854401e-05,1.228740844721191e-06,8.423010407976071e-06,1.1466530984244133e-05,2.5759788678649215e-07,-5.953765129929605e-05,1.1547785702442868e-05,-3.6017973562423134e-07
-2.574813485276555e-05,-1.7547212214658715e-05,4.491243330524293e-06,-4.328981394570123e-05,2.3166329021553236e-05,-3.217140714277619e-05,-2.2263120466659424e-06,-5.9493550086711677e-05,1.5097646497822986e-05,-5.946363154056736e-06
-2.1449919100379392e-05,9.11810486582946e-06,1.1511282164415992e-05,-6.0099850658209246e-05,-4.653751843555538e-06,-5.265322800015216e-05,8.103304767064987e-06,-4.769662336431542e-05,1.9055531080813234e-05,-2.6548072535554315e-05
-1.5672987880979448e-05,2.175653015291171e-05,1.3637357587655531e-05,-5.780929048416694e-05,-3.6880453087289996e-05,-4.7716629668170186e-05,2.0632132784665077e-05,-3.7110276874636535e-05,3.147841918847698e-07,-4.3160883063087463e-05
-4.789582703718995e-06,1.5050712282048223e-05,9.950723347751249e-06,-5.110917271066131e-05,-4.820797817462422e-05,-2.891182549659487e-05,2.1535063404913592e-05,-2.7212969538382246e-05,-2.1787949496749464e-05,-5.065087941787035e-05
1.105195816978352e-05,1.3762446527813661e-06,-6.718649797550033e-06,-9.769751497320054e-06,-4.857082961064986e-05,-2.195804037564696e-06,-5.916982836514091e-06,-1.685231668670714e-05,-1.0696811550435232e-05,-4.705810516577036e-05
1.4973668667225477e-05,-7.156105127299736e-06,-2.455996333803435e-05,2.221861313438857e-05,-3.667021679778907e-05,6.509957471304103e-06,-3.2486406744623754e-05,-6.582462529259387e-06,2.1596363174001924e-05,-3.031635650154977e-05
-2.9142437737636843e-06,-1.2215562753847876e-05,-1.7840628871351602e-05,3.7969310207351724e-06,-1.4326533783863935e-05,-9.211480069207276e-07,-1.814426663500243e-05,1.962261734896141e-05,1.1388898546335553e-05,4.592526736474287e-06
-5.416784950614923e-06,-7.2275012840290565e-06,-4.775235064953971e-06,-7.301570804316101e-06,-7.668856724338058e-06,-6.616656081405882e-06,-4.4264731805563046e-06,2.4747922154234692e-05,-7.802285113345979e-06,1.0835247263602016e-05
-1.5411616933392551e-06,-1.1720493606726181e-06,-8.02419599921383e-07,-1.6457414197819442e-06,-1.6711363534205483e-06,-1.7520124258424378e-06,-7.773092694723738e-07,6.61894408818818e-06,-1.3924282231519048e-06,-7.088762528248947e-07
5.4996668859883006e-08,3.918432082067671e-08,-3.373947270287018e-08,4.8343506729256954e-08,4.7761266852343485e-08,4.9566274885817074e-08,-4.999847138614475e-08,4.778479439803588e-08,4.074347802924499e-08,4.793029350048404e-08
-6.776308953762618e-07,-5.031384984779176e-07,-2.0641838778141427e-07,-1.0965297594173669e-06,-4.795399170114528e-07,-5.778799594740377e-07,1.7231767811522794e-06,-3.983411647667413e-07,-4.512605947249622e-07,-4.2934623040237956e-07
-5.617173000265402e-06,-3.9123853854900965e-06,8.71993154546037e-06,-2.2965268253456358e-06,-6.647790328303443e-06,-6.378361942423255e-06,5.410298386607647e-06,-6.5469582449389994e-06,-6.427470338667061e-06,-6.873730009371309e-06
-9.810731297821642e-06,-9.00320256149277e-06,1.8791260878090452e-05,2.2096205682321415e-05,-2.4740422784586078e-05,-1.5701426503354604e-05,1.4837143586404887e-06,-2.985602303755768e-05,-8.495803241149212e-06,-3.098141934993312e-05
-5.513253502825763e-06,-1.8622949984648566e-05,1.0978346445391996e-05,3.272209406722918e-05,-3.6652646343026424e-05,-1.1414969284904468e-05,-3.0442369261082863e-06,-4.5083354036743595e-05,1.3286349052199103e-05,-2.8246500242312783e-05
4.182165599167627e-06,-2.926066034650025e-05,-1.2105962127369883e-05,-1.6131439643263054e-05,-4.310547738951208e-05,-7.454651240988608e-06,-4.963714581072256e-06,-6.716375471646357e-06,4.411847544247816e-06,1.6464888002659178e-05
7.253315449390867e-06,-2.894729124801139e-05,-2.6902330221829073e-05,-5.304383212735795e-05,-3.911938192080126e-05,-3.4395194626294907e-06,-1.4659735213027931e-06,2.9737626951280818e-05,-1.7228604416345273e-05,9.25427858145542e-06
3.214396818932627e-06,-1.4118292264996656e-05,-2.7845598136865848e-05,-3.2318402596931797e-05,-3.053033605753527e-05,1.0821891920574773e-05,3.4239094977654683e-06,7.34622932857476e-06,-1.1800599448182604e-05,-2.766685509127974e-05
-1.3074797254518297e-05,7.095427983553585e-07,-2.5342269871702712e-05,1.5042080135673497e-05,-3.465697520037908e-05,1.753335021677148e-05,-9.639483771373682e-07,-2.818358388121192e-05,6.992788453550936e-06,-4.039827722250853e-05
-2.7786616379405478e-05,1.1505505675533733e-05,-2.4674897502922595e-05,2.986513929765141e-05,-3.879675450564355e-05,1.4698873240920862e-05,-1.1156559904250265e-05,-5.639873044067437e-05,1.9028154946709863e-05,-2.89403180702365e-05
-3.7004355677667515e-05,1.813668945736869e-05,-1.653345804929976e-05,-1.2232863366944466e-05,-2.037396134186297e-05,-1.7901249292277536e-05,-1.870420256241135e-05,-8.001533049945391e-05,1.7640782261684676e-05,-1.8537841436580076e-05
-4.0365451371054097e-05,2.677689006368179e-05,-3.244890172149218e-06,-6.3323914843347e-05,-6.37904419785077e-07,-5.5500142731756915e-05,-1.3893878164921051e-05,-7.583133350714519e-05,8.277146716763381e-06,-3.0168735119694474e-05
-3.326931429067744e-05,3.583192175840926e-05,5.457084712003208e-06,-7.624364959881482e-05,-1.4133959816982146e-05,-6.555799270767898e-05,-4.927776603448323e-06,-4.326166832520683e-05,-7.729316847398677e-06,-3.816768252543473e-05
-2.4446962839045546e-05,2.6335864175762177e-05,6.47937449916182e-06,-7.111880057398485e-05,-3.2844167229599755e-05,-5.4611855435385155e-05,4.6105278194938485e-06,-1.5936520367388734e-05,-2.8007991042133237e-05,-4.022415353685802e-05
-1.088938751096725e-05,5.113059052660162e-06,-2.052949422863272e-06,-5.480100499923656e-05,-3.8535150922500886e-05,-3.5702801827700195e-05,1.4829786685586973e-05,-6.751404366399513e-06,-3.8486498783629305e-05,-3.8949371875793996e-05
5.892671651197983e-06,-8.757513193853249e-06,-1.86482442090841e-05,-7.826431638357841e-06,-3.888167425794373e-05,-1.0120234809204022e-05,-1.1792655785172501e-06,-9.86588505285317e-06,-1.3919229572601953e-05,-3.5893848694333645e-05
1.135954078539272e-05,-1.0801275320722404e-05,-2.9644758372748063e-05,1.9810302313082898e-05,-2.982110872672122e-05,3.834096000120923e-06,-3.054182977438998e-05,-8.11287039266437e-06,2.08759516998548e-05,-2.4833870016150646e-05
-3.6345094591122825e-06,-1.2467222407041563e-05,-1.803057191163451e-05,1.5488000549479432e-06,-1.231375018816578e-05,-1.1496141119452253e-06,-1.860810469530554e-05,1.6404977398250155e-05,1.2331097577793377e-05,3.3483707964767224e-06
-5.430181251830582e-06,-7.0769076762064646e-06,-4.699417723789763e-06,-7.255539628459602e-06,-6.864317024952467e-06,-7.116828663035227e-06,-4.476076360289269e-06,2.3403055849289643e-05,-7.423652076716806e-06,9.559048914052738e-06
-1.9146700768182905e-06,-1.292830387513595e-06,-8.79963074327135e-07,-1.7462549956869992e-06,-1.8957774293140765e-06,-1.9747948450978805e-06,-8.617670059538029e-07,6.87784752071531e-06,-1.5443903191805696e-06,-6.957987616984714e-07
8.52156289670475e-08,6.174554030868059e-08,9.484482890472003e-09,8.214832127599153e-08,8.275883572781563e-08,8.623263672237408e-08,-2.1195527732039317e-07,7.85819831178228e-08,7.164728827492668e-08,8.421496793707922e-08
-1.5535150186043337e-06,-1.020961539125512e-06,-6.996675224921811e-07,-1.6242650772566517e-06,-9.85636452108571e-07,-1.1747237219534365e-06,3.4006091655651702e-06,-8.923117055570896e-07,-9.8977177141075e-07,-9.486009626361495e-07
-8.299226116462408e-06,-5.179126461582253e-06,8.171528537419796e-06,-5.129003128068346e-06,-9.63420019494281e-06,-8.923731447259631e-06,1.2572732383216103e-05,-9.53290287492175e-06,-8.941727305002138e-06,-1.010803800050992e-05
-6.535743818853395e-06,-4.825797682857815e-06,1.8334874029939693e-05,1.6408528833537497e-05,-3.3905436116306874e-05,-1.9790492615404914e-05,9.164894912493718e-06,-3.7967559744589896e-05,-4.3199374514465375e-06,-4.057745946192688e-05
2.8128027438559627e-06,-9.723445471636152e-06,5.616276489863632e-06,2.364772439119571e-05,-5.5655034230376713e-05,-1.3874259707259012e-05,-2.639083080817355e-07,-5.6054703820986385e-05,1.880285416536529e-05,-2.5618239084998325e-05
1.2030535633611394e-05,-1.339681205418404e-05,-1.8012014474369795e-05,-2.105691755634018e-05,-6.539335958457937e-05,-1.1976981106800904e-05,-9.320877278017397e-06,-1.2336697524869815e-05,-8.964744737218205e-06,2.0720488672032006e-05
8.578955104698706e-06,1.1456151003231403e-06,-2.6573425249668566e-05,-4.3256854084636044e-05,-5.9746053773663236e-05,-1.1662658283300433e-05,-1.3306292871852401e-05,2.771143610440409e-05,-3.5549666495789285e-05,-1.0987985806479242e-05
-6.367783871690137e-06,3.0185374572227022e-05,-2.4233624002160154e-05,-1.099999744101439e-05,-5.00490382154587e-05,-1.3398046409394366e-05,-1.668166186084967e-05,-5.4593078004001e-07,-3.29113575442604e-05,-4.736375362373752e-05
-2.7172498435367134e-05,4.956734643700664e-05,-2.343972836163411e-05,2.381563149804744e-05,-5.0316267350376284e-05,-2.1044190315458943e-05,-2.3797460786465644e-05,-4.093132967708063e-05,-1.727548902395894e-05,-4.822748152741771e-05
-4.0522070067218143e-05,4.9643142176968196e-05,-2.67649424814427e-05,1.5847832591460314e-05,-5.286177094660289e-05,-2.6119997974330424e-05,-2.4871014153671602e-05,-6.968068564553211e-05,3.542081387813231e-08,-3.362359853388085e-05
-4.753036626069701e-05,3.456360801077299e-05,-2.2174289784358918e-05,-3.0261967356684225e-05,-3.327814630894611e-05,-4.6556643609313366e-05,-1.8696007595899067e-05,-7.794912936684827e-05,4.5084965596054575e-06,-2.624775420920673e-05
-4.736967993582346e-05,2.1336861305310748e-05,-1.0174290266872114e-05,-7.083811708761615e-05,-7.689981057857508e-06,-6.397438716554514e-05,-1.572799252617935e-05,-4.978239377554794e-05,-7.94694008596004e-06,-3.2204917074034326e-05
-3.8589218598223405e-05,7.782014776054469e-06,-5.648854939539043e-07,-7.90448533962592e-05,-7.223015673584409e-06,-6.204600549366245e-05,-1.550377144192073e-05,-6.483262167651241e-06,-2.290100185184472e-05,-2.3448816019569807e-05
-2.4408318282829455e-05,-4.782619624868307e-06,-2.7096056928356306e-07,-6.67986725519667e-05,-1.5988665970610713e-05,-4.583798507276057e-05,-5.65360978582198e-06,1.0213609697549385e-05,-3.1835699244324846e-05,-1.8302662296818874e-05
-9.478521788881011e-06,-1.4354700741127205e-05,-1.067572338438648e-05,-3.797368269029543e-05,-2.5148124700432994e-05,-2.9813145181451856e-05,1.0584557007479548e-05,4.3348965758672217e-07,-3.297012112225298e-05,-2.4236497809299594e-05
3.5514323912140146e-06,-1.6658916197915836e-05,-2.5128552114404875e-05,4.8302309277964295e-06,-3.038198432587475e-05,-9.08412619129989e-06,-8.941625344698751e-07,-1.3221580791442606e-05,-1.1845309856021605e-05,-3.0561805721479384e-05
2.4315589592519267e-06,-1.072382286155625e-05,-2.918253902292342e-05,1.5158500749013469e-05,-2.1642851677729853e-05,3.9938958953298025e-06,-2.712198237440242e-05,-9.20356710837111e-06,1.109169024343667e-05,-2.2895174739022145e-05
-5.781954148461486e-06,-1.1517306382139856e-05,-1.6030772423456367e-05,-4.450441493142635e-06,-7.762508744702855e-06,-3.6729891414709674e-06,-1.6894399354107856e-05,1.4344869143415044e-05,7.343342235158311e-06,1.9937579009824994e-06
-5.1996532489191444e-06,-6.921975841680018e-06,-4.658901318490874e-06,-8.170155541026827e-06,-4.942596600188947e-06,-8.151977795994523e-06,-4.460116223930978e-06,2.1369070960484516e-05,-6.662009818257514e-06,7.32485348104938e-06
-1.8611990598728604e-06,-1.3970565531764276e-06,-9.365643390805493e-07,-1.7373056967819228e-06,-2.1288078874235624e-06,-2.0170719071208114e-06,-9.086762039806158e-07,5.993623519396305e-06,-1.6315222043933613e-06,-6.062660239918032e-07
1.2235068791788843e-07,7.574925939312673e-08,8.667238062978703e-08,1.0391190241189302e-07,9.562549879055884e-08,1.1128447858847518e-07,-3.7425128330578287e-07,9.774493406400965e-08,9.196092877167652e-08,1.0739334551382416e-07
-2.40578253387854e-06,-1.495552183174643e-06,-9.654266344758277e-07,-2.17009397263645e-06,-1.5478417007509594e-06,-1.9032995330569328e-06,5.3215554406564354e-06,-1.4906240599918829e-06,-1.6558259268026142e-06,-1.607070363471432e-06
-9.942033975605907e-06,-6.3909609672214354e-06,6.451669912390346e-06,-6.800766506964041e-06,-1.0562700475073436e-05,-9.93915740495139e-06,2.030249438251685e-05,-1.0619701681022667e-05,-9.590306066928878e-06,-1.1557862777439217e-05
-2.3973051308353842e-06,-2.762048988246536e-06,1.644158071247886e-05,1.0485568265503405e-05,-3.366250687015738e-05,-1.7646837952627954e-05,1.5038622883831852e-05,-3.897710319174384e-05,1.9969456734411054e-06,-4.20280454406874e-05
1.1868106810280048e-05,-3.444198339719651e-06,5.00989300368295e-06,1.795518069567497e-05,-5.550378350356128e-05,-1.2192569270884678e-05,-4.236132419436408e-06,-5.811262230774081e-05,1.9632881277885443e-05,-2.427352881131783e-05
1.7234913019170177e-05,-4.106897213488916e-06,-1.6256421568378247e-05,-1.601465996899446e-05,-6.696760689672757e-05,-1.732459131306794e-05,-2.3757687610753888e-05,-1.1711465386333867e-05,-1.7647868534678272e-05,1.6236886333175384e-05
5.347561865190244e-06,1.354590530573923e-05,-2.262870813087466e-05,-2.6574664807641182e-05,-5.864906993006139e-05,-2.6904600780010618e-05,-3.186922275411054e-05,2.6190604000937317e-05,-4.433459664975247e-05,-1.9243040570527042e-05
-1.257579120221214e-05,3.299435594316397e-05,-1.8932706495730734e-05,1.6736469330900289e-06,-4.395819692520909e-05,-3.9924426594364555e-05,-3.4443733978786754e-05,2.424358078621749e-06,-3.8051767809925766e-05,-4.328772839381104e-05
-2.6909170388864272e-05,3.2001530096697095e-05,-1.7264943991921e-05,1.6334044547539583e-05,-3.5305273064805036e-05,-4.5124411262864676e-05,-3.1403906840787146e-05,-2.7696549413224165e-05,-1.5482385507158285e-05,-2.900221500354892e-05
-3.953451149473603e-05,8.518650561210024e-06,-2.0807329562497734e-05,2.4626278985658893e-06,-2.952680930042831e-05,-4.497951486804325e-05,-2.0119713591403725e-05,-3.863280148395016e-05,-7.791769995795749e-08,-8.130375836177596e-06
-4.893679957368135e-05,-2.30688217442951e-05,-1.798433688981851e-05,-2.476296423300908e-05,-6.546232677084756e-06,-4.805992949056237e-05,-1.0312177178670014e-05,-2.623206430054248e-05,-5.956962500077054e-06,-4.354998046028071e-07
-4.5503963551523876e-05,-3.832908701812775e-05,-8.328470444106563e-06,-4.741246768270702e-05,1.4588455507745018e-05,-4.87620727540452e-05,-1.4829788264335409e-05,1.5008133909421545e-06,-1.5902561916071434e-05,3.562947909367892e-06
-3.361620610633621e-05,-4.135342657132487e-05,1.2113741116185414e-07,-4.9218684841047514e-05,1.2199415044509469e-05,-3.757380421959131e-05,-1.7568788683787622e-05,1.7659556956469915e-05,-1.918440694353687e-05,4.850314084706664e-06
-1.5929630122661815e-05,-3.580397533489546e-05,-1.8421317044646685e-07,-3.4860808906409996e-05,-2.204449255471467e-06,-2.3963929313694334e-05,-1.0609056869041238e-06,7.457217862397644e-06,-2.0023602140072576e-05,-5.532879948752807e-06
-2.9232007762708846e-06,-3.1898457706133735e-05,-9.548187989277537e-06,-8.202485404296783e-06,-1.5825760160124393e-05,-1.3071951740623671e-05,1.3878759016042058e-05,-1.0961196910290572e-05,-1.977125320826946e-05,-2.0805146436050343e-05
1.00879282625233e-06,-2.538817356886506e-05,-2.0612267012633797e-05,1.60624664901015e-05,-2.0859873757476868e-05,2.399153693060332e-06,-2.248317374138349e-06,-1.9301898413194507e-05,-6.440490009849712e-06,-2.676262196442316e-05
-6.008845731443362e-06,-1.556510077404464e-05,-2.1034336936195858e-05,1.1146574977148256e-05,-1.1648892740680457e-05,5.974466321139413e-06,-2.16079972085022e-05,-1.0311482991654284e-05,7.720102840983743e-06,-1.5074834597310641e-05
-7.989236083659955e-06,-1.1837197400942833e-05,-1.1913778317303098e-05,-7.874290661655482e-06,-2.97081043300848e-06,-5.620837714616971e-06,-1.2925685820353208e-05,7.974832479356256e-06,3.766285491683435e-06,6.555360192564813e-06
-4.582706139377467e-06,-5.914280638813214e-06,-4.0456102261390094e-06,-7.5502456346183776e-06,-3.836733830654349e-06,-7.268422055466026e-06,-3.841248785806081e-06,1.4496426472551699e-05,-5.871026746320189e-06,7.2680346337636056e-06
-1.505962666140027e-06,-1.149397039348142e-06,-7.744208376509626e-07,-1.4477533675938525e-06,-1.7379702477405102e-06,-1.5450075592893274e-06,-7.485260341942915e-07,4.586774656413287e-06,-1.3046402691870838e-06,-9.042467677138178e-07
1.8744587727875193e-07,1.1243132004749878e-07,7.619406967761266e-08,1.4869809900654295e-07,1.4489467331842283e-07,1.6202443422811064e-07,-4.670756624815176e-07,1.445488020695047e-07,1.318631435687447e-07,1.561114550159243e-07
-2.538173716387866e-06,-1.5378841506690277e-06,-1.0905869747703523e-06,-2.004261666891065e-06,-1.6146460301687816e-06,-1.977377238721794e-06,6.268148659161817e-06,-1.4788271942942486e-06,-1.6830570628001322e-06,-1.6275618092329744e-06
-9.05511316094296e-06,-5.650974807863971e-06,2.9327994176392134e-06,-6.932640106081639e-06,-1.0012396013212482e-05,-9.335524578301158e-06,2.2363659784849282e-05,-9.766151833865726e-06,-8.760544841794605e-06,-1.0788339234583374e-05
1.682250518439804e-07,2.8600082915749273e-06,1.103638244119452e-05,1.934561749809369e-06,-2.7511689995487424e-05,-1.0825157839186371e-05,1.2941922135722346e-05,-3.5416454702390806e-05,4.313585755991385e-06,-3.7989856204127574e-05
1.513398278230618e-05,5.918746256094947e-06,6.3282770478349885e-06,9.988316188554905e-06,-4.1186251017067356e-05,-5.241576908792681e-06,-1.2781466418687745e-05,-5.325370664817318e-05,2.0647946570367702e-05,-2.709317846851365e-05
1.912453428605392e-05,-7.520328274675973e-07,-9.936301048323632e-06,-8.875077279793325e-06,-4.9098953939521095e-05,-1.7279380917217495e-05,-3.6023472935771725e-05,-1.0972940348281726e-05,-1.5186786441419464e-05,3.4320493296806943e-06
5.937626526745156e-06,-1.5636585262921887e-06,-1.4361979790385484e-05,-1.5081716054826688e-05,-3.906191504049316e-05,-3.573497531800244e-05,-4.401927025739654e-05,2.4462923578208504e-05,-3.654673751273597e-05,-1.26409667798915e-05
-6.553896862197944e-06,-5.1217648308951185e-06,-1.0775143635076436e-05,-1.473721009476957e-07,-1.7099189532134338e-05,-5.540529345303816e-05,-4.028003369568079e-05,1.965849667532626e-05,-2.352406254713959e-05,-1.4501455722646955e-05
-2.012574362710439e-05,-2.146072192296633e-05,-9.19810069377382e-06,-3.7304474107950037e-06,1.0430371598384693e-06,-5.737514987468665e-05,-2.7149509093834838e-05,9.787618091125372e-06,-1.020472505484199e-06,9.394792190232512e-06
-3.951970273452904e-05,-4.531727230734758e-05,-1.0864985371985041e-05,-1.3285597054502076e-05,1.175351814236521e-05,-4.671144701365377e-05,-1.0640866213525878e-05,9.431946934136845e-06,-6.153510574967372e-06,2.3281615046577524e-05
-5.177109219995372e-05,-6.054326582748734e-05,-1.0231904096287399e-05,-1.1664701140231878e-05,2.301696126957385e-05,-3.645371700303512e-05,-4.620044189170682e-06,1.4320621073181662e-05,-2.7543662610278153e-05,1.991879714269027e-05
-4.320983385233807e-05,-5.8062019944080744e-05,-5.53965133748004e-06,-9.595003826805115e-06,2.7158646196740946e-05,-2.5006941559088056e-05,-1.0368455932425292e-05,1.5605907567200795e-05,-2.8939623624732226e-05,1.0886307067671428e-05
-2.3845086488794767e-05,-4.90106924133748e-05,5.722504862404761e-07,-8.2910376022796e-06,1.3622437133596298e-05,-1.1228049803000853e-05,-6.2494788225245485e-06,1.159381741341063e-06,-1.8816906972487447e-05,-4.179363791643377e-07
-8.081565022098205e-06,-4.227118178840697e-05,2.1048415990759517e-06,-5.754163210691093e-07,-7.553409491472927e-06,-3.362427390856949e-06,1.1014035249241468e-05,-1.6633330311116422e-05,-1.4566875970692708e-05,-1.4421243108768617e-05
-2.300148127492814e-06,-3.73211720898717e-05,-2.7530719024579796e-06,1.2544860046647463e-05,-1.4812845399537894e-05,4.666256665570608e-06,1.395448308749783e-05,-2.7420895398849417e-05,-9.273959849356144e-06,-2.221356317548312e-05
-5.136919033518375e-06,-2.800597150975396e-05,-8.4223338176916e-06,1.8815331935751267e-05,-1.0323624634258826e-05,1.0679505795527427e-05,-4.7482697246957925e-06,-2.708370483346608e-05,2.600968268168618e-06,-1.7539577787863604e-05
-9.737273411352664e-06,-1.736749718042952e-05,-1.0453303499223447e-05,6.360294470789112e-06,4.934168661146241e-08,4.525592774225591e-06,-1.492198079765384e-05,-1.74907270738967e-05,7.850023601087367e-06,-4.346348628614738e-06
-7.5636252752671595e-06,-9.48415870390221e-06,-7.481886068385691e-06,-7.970098848056429e-06,1.9121206491974994e-06,-5.989360812676421e-06,-8.334950401669318e-06,-2.3653641598952316e-06,5.034358851027813e-07,1.08841884678058e-05
-3.328553225625165e-06,-3.6106957334356643e-06,-2.6201279668345546e-06,-4.895437421708694e-06,-3.0284381173249623e-06,-4.658597789559442e-06,-2.47543621706094e-06,5.307481932289039e-06,-3.90251453108633e-06,8.965325058876908e-06
-8.960224089857337e-07,-6.484136877328811e-07,-4.444459639015739e-07,-8.029486813826606e-07,-8.839099183681129e-07,-8.538671137092057e-07,-4.3183166350628056e-07,2.244678658741226e-06,-7.406203283124964e-07,-1.837858566524441e-07
1.4699898691775886e-07,7.99450734574317e-08,5.5458716748578386e-08,1.0489008754813623e-07,1.0503023334662751e-07,1.1507788475321317e-07,-3.6455830225228666e-07,1.0149720767773142e-07,9.409332496599905e-08,1.1047084951532131e-07
-1.733325857391149e-06,-1.1643120164795405e-06,-8.464949022738476e-07,-1.2575723486397e-06,-1.1104805022390609e-06,-1.3875317116586494e-06,4.7118091308664e-06,-9.308901874376604e-07,-1.1091519889586613e-06,-1.0330010236639664e-06
-5.936433072461383e-06,-3.2179626646674294e-06,2.894413388810598e-07,-5.511566221077043e-06,-6.6692410915134e-06,-6.029799231250562e-06,1.6256082980835194e-05,-6.684649390587583e-06,-6.156768390566937e-06,-7.346249060122898e-06
-1.1825915452503641e-06,8.414080996098196e-06,3.644261657188428e-06,-3.702732291065749e-06,-1.642576548699773e-05,-2.7863202870535633e-06,4.853250953653484e-06,-2.7573644953648114e-05,1.8643228503346189e-06,-2.9579103122036405e-05
8.005589671861665e-06,9.504562952464603e-06,3.4315850425978897e-06,3.8132567741524664e-06,-1.930973575711972e-05,6.112595214401526e-06,-1.800666546039953e-05,-4.435457345921618e-05,1.6232615969475838e-05,-2.9747435081685826e-05
1.375636799182891e-05,-6.377955482683195e-06,-4.031812576339495e-06,-1.5227364367667167e-06,-1.9361402238731282e-05,-5.156895725191945e-06,-3.5895226476752805e-05,-9.868934394064815e-06,-3.88853969981762e-06,-9.477998056376693e-06
1.0932176911625885e-05,-2.196127025638686e-05,-6.909812915203626e-06,-7.929239905184634e-06,-1.1915628195313558e-05,-2.7798549842036112e-05,-4.050048451186705e-05,2.4037875895000065e-05,-1.569370425390274e-05,-5.039759736931913e-06
4.414772851399999e-06,-3.2572193656261924e-05,-2.994088389036749e-06,-1.030897339888119e-05,5.669554286040016e-06,-5.187736421228359e-05,-3.363640489087482e-05,3.281123620827888e-05,-5.238025881847214e-07,8.393524508697343e-06
-1.1771674880762428e-05,-4.0151843358509854e-05,-1.0976096191656866e-06,-2.196483297487906e-05,1.7186142653013128e-05,-5.4092147208825164e-05,-1.7354783876289857e-05,3.2947905466965764e-05,7.799140160572413e-06,2.3173982179606705e-05
-3.0060815671641023e-05,-4.272298214116752e-05,-2.2547439879462304e-06,-2.3998506155656555e-05,2.0217025036786724e-05,-3.702738693620093e-05,6.13188269075574e-07,2.6909889435856952e-05,-1.3925443235654056e-05,2.1619057700682988e-05
-3.3671012522810666e-05,-4.0684419621810314e-05,-3.7039893484686798e-06,-4.134675109439768e-06,2.4203052864570948e-05,-1.8744134036650806e-05,5.219281511856082e-06,1.6080302948569885e-05,-3.284990777208768e-05,5.7382982912092565e-06
-2.256305746143863e-05,-3.817925407482981e-05,-2.556337768867694e-06,1.243600550868448e-05,1.7693205928197378e-05,-6.317384426023328e-06,4.306594819077409e-06,1.49475812219569e-06,-3.072659363503316e-05,-1.1430360657650718e-05
-7.972181793848573e-06,-3.451749317673122e-05,1.0848916447464795e-06,1.8080909232232354e-05,-3.063753387631629e-06,1.2409487941295207e-06,1.165815173186366e-05,-1.6670822459295962e-05,-2.206464298189875e-05,-1.9850073012412313e-05
-2.593112664664264e-06,-3.1150673309572307e-05,5.535590462181192e-06,1.7514310418462916e-05,-1.8370800644512713e-05,5.735053580843889e-06,1.7781914913186503e-05,-2.8905745702587334e-05,-1.4566539650424827e-05,-2.282885288958361e-05
-5.43525173544756e-06,-2.6816014817377186e-05,6.771608931921049e-06,1.792034079297248e-05,-1.5942300229571717e-05,7.622307194890444e-06,8.360017748697695e-06,-3.193237459039411e-05,-6.152053664767547e-06,-1.978438826090975e-05
-8.341804306612653e-06,-1.99979022278863e-05,2.3177225798480753e-06,1.3951060174446273e-05,-6.412685105276178e-06,6.551643080967011e-06,-6.361891378400627e-06,-2.5862838822245944e-05,1.5698104740949756e-06,-1.0337181273691922e-05
-8.542484048947879e-06,-1.2284515711317237e-05,-3.258167740000083e-06,1.1740075905651585e-06,3.0266041525822667e-06,-3.700493195948481e-07,-9.342063696317212e-06,-1.580242140801826e-05,2.302819184744268e-06,5.11509298224754e-07
-5.595586373164659e-06,-5.852488631346815e-06,-4.0585279589966335e-06,-5.7138568099795936e-06,3.0997810242330333e-06,-4.70616268963383e-06,-4.760380418475253e-06,-5.791850723986969e-06,-1.661297830961382e-06,9.475697227590865e-06
-1.995338974700178e-06,-1.870740487740503e-06,-1.3500498226248076e-06,-2.216848700098729e-06,-1.5806212483863774e-06,-2.517874499295728e-06,-1.3054008473001131e-06,-1.8896419542457525e-08,-1.977415894418016e-06,6.198118884651181e-06
-3.4818897548408826e-07,-2.5107440211094153e-07,-1.7999758978610604e-07,-2.5391804187695706e-07,-3.478168067574889e-07,-3.5339876338063325e-07,-1.66757861431765e-07,3.918985228708559e-07,-2.917858281705297e-07,3.016741504650853e-07
4.545116518797028e-08,2.6294209969133922e-08,2.0925915774075033e-08,3.363646820686757e-08,3.4510634498452366e-08,3.79020249350191e-08,-1.380507954614253e-07,3.309107392857598e-08,3.0973889356954584e-08,3.618468442570229e-08
-7.224932118888355e-07,-6.100943201895845e-07,-4.282718092629235e-07,-5.3021569065757e-07,-5.961461032255593e-07,-7.709082844710144e-07,2.3725026761385027e-06,-3.948501880510659e-07,-4.986963826840976e-07,-4.423569824336488e-07
-2.6058508699307146e-06,-1.246812335096503e-06,-2.63063615619528e-07,-3.3131870375971898e-06,-2.5480324260794065e-06,-2.1975636385473315e-06,7.716254456024097e-06,-3.4018531935084636e-06,-3.5027532316939343e-06,-3.719986009292623e-06
-2.750752552756925e-06,4.789869268779855e-06,4.618834577595697e-07,-6.942991055376383e-06,-3.4395599169861043e-06,5.722293342867516e-06,-7.781088543314871e-07,-1.737043561419132e-05,-9.007661515297412e-08,-1.850647406704023e-05
-3.4665923536291813e-07,3.969975581103324e-07,1.1350828832034514e-06,-8.296026329338935e-07,1.0800684289843568e-06,1.899563110791157e-05,-1.5330606423848987e-05,-3.055163426545037e-05,1.2566912181811671e-05,-2.502504854445815e-05
5.110398459502656e-06,-1.6624127829268596e-05,-1.2243538454831447e-06,-9.072345675511365e-07,2.140546707620701e-06,1.4326116626333063e-05,-2.614147749750123e-05,-8.896426048771105e-06,7.2278696853059855e-06,-1.600526640602992e-05
1.0357968508326341e-05,-2.9710372511270723e-05,-2.5126568532030827e-06,-8.50019888974344e-06,3.5110584382231266e-06,-1.1041959787055816e-05,-2.890105176647647e-05,1.8771677893121994e-05,5.929153599742139e-06,-9.229613919136423e-06
1.4017590567821523e-05,-3.1224856447387115e-05,2.3936795460487453e-07,-1.7288062181141747e-05,8.558216780844455e-06,-3.776932609220513e-05,-2.2975911346677742e-05,2.8831059950739484e-05,1.5484139232349065e-05,2.155428691714162e-06
7.955036500405492e-06,-2.6891416542388076e-05,2.007687461565508e-06,-2.4577488748477117e-05,7.90842367626072e-06,-3.893046791946917e-05,-7.857832189650413e-06,2.5749598533210126e-05,6.928756589596163e-06,9.598515824141473e-06
7.652245334206592e-07,-2.2042865595313007e-05,1.42454543474105e-07,-2.0862817078017724e-05,9.313652130483212e-06,-2.366400403012394e-05,9.502032211612145e-06,1.463362975071204e-05,-1.2102251454676329e-05,2.3612611040716845e-06
4.596353936154695e-07,-2.0553525228777067e-05,-3.560229033951904e-06,-6.956821949051889e-06,1.3267817405296771e-05,-9.469417729965455e-06,1.5894708802670495e-05,1.66793213212753e-06,-2.233427468940472e-05,-1.10030714038886e-05
3.6032330838975817e-06,-2.1453740647249287e-05,-2.6533207470077275e-06,5.304699790876043e-06,5.063856796649636e-06,-2.108763715926643e-06,1.6935378966151774e-05,-8.085212165656e-06,-2.2826691171932403e-05,-2.0509735601083318e-05
3.932848972453319e-06,-2.171215391154044e-05,3.370397164529288e-06,1.1163151608684897e-05,-1.0244591285852727e-05,6.328011656596964e-07,1.975211983370238e-05,-2.0438611080260933e-05,-1.992001567382579e-05,-2.4221149725788785e-05
1.3222172399963645e-07,-1.9346136214345475e-05,1.0308851415719703e-05,1.3953430041266506e-05,-1.692015303979043e-05,2.8513468732446767e-06,1.3537250069872996e-05,-2.417656698377591e-05,-1.3558430330595215e-05,-2.1312585612180773e-05
-5.931812047644609e-06,-1.6678467005811123e-05,1.3468015597660267e-05,1.3106786695373668e-05,-1.3714694462534033e-05,2.9183838949274597e-06,1.786812422257587e-06,-2.192984315939482e-05,-7.169388343235972e-06,-1.610146673406428e-05
-7.472240507415231e-06,-1.1979387029732917e-05,8.59695955988844e-06,6.5695523397890685e-06,-5.650438422283721e-06,1.0832695241592213e-06,-5.92906447188535e-06,-1.5824302026593537e-05,-2.5645635310712913e-06,-7.220630273797865e-06
-6.3220960373833645e-06,-6.590281675877013e-06,7.9810206692705e-07,-1.2793018981070458e-06,1.1913606237261081e-06,-1.6217298350763655e-06,-5.171505331774877e-06,-8.622015037286415e-06,-1.081048868243774e-06,1.8630463748684007e-06
-4.1166777297611395e-06,-3.239160598300818e-06,-1.918973408785833e-06,-3.405193030184631e-06,1.2609192844797795e-06,-2.5213109923840887e-06,-2.497623215147739e-06,-3.810167052366305e-06,-1.547523860442505e-06,6.650622432385893e-06
-1.3754996945882614e-06,-1.0372390394876e-06,-7.978426169275076e-07,-1.119835438798774e-06,-6.093711702953754e-07,-1.5074849474587896e-06,-7.413372168917313e-07,-6.846882232650131e-07,-1.0465772295174456e-06,4.047909110255266e-06
-1.251228068888078e-07,-8.295483359069589e-08,-6.529454104329357e-08,-3.404860078100557e-08,-2.0552889155989046e-07,-1.1568744036115387e-07,-5.8453652349455245e-08,7.842400280387675e-08,-1.0678133318881202e-07,2.9668203042448705e-07
4.681350664517107e-10,-1.3871882958440803e-09,6.359166151955573e-10,-8.055787431489806e-10,-8.869500147023584e-10,-5.574096007146678e-10,-1.9747241124810638e-08,-1.5407655751379238e-09,-6.834661864411936e-10,-9.609778373570624e-10
-1.584093565452881e-07,-1.7898747788995128e-07,-1.2774205572037835e-07,-1.1219386884785292e-07,-2.2121708366963248e-07,-3.8065796645660756e-07,7.515974416444938e-07,-9.232931935574846e-08,-1.2941010239563098e-07,-1.0294909840813719e-07
-1.3951960560564131e-06,-4.165613865574155e-07,-2.6944289176714293e-07,-1.3769254902508188e-06,-3.6717554710580265e-07,5.026794245919685e-07,2.0719286933042638e-06,-1.1888119064570439e-06,-1.4350783704348787e-06,-1.26803054048816e-06
-3.4868255852011387e-06,-4.5885780599237967e-07,-9.502099213482595e-07,-5.9333174455986576e-06,2.3915033759492723e-06,1.1535066244763354e-05,-2.0978184464300325e-06,-8.057667044448458e-06,-8.760817387650144e-07,-8.672868695297058e-06
-4.834540788668143e-06,-6.565731836575048e-06,-1.000371571416146e-06,-6.55359587245462e-06,9.123238189551745e-06,2.6556902455109314e-05,-9.05682179977346e-06,-1.5602201182727762e-05,8.21905215067829e-06,-1.7158827587724113e-05
-2.5287381885121806e-06,-1.6551629875073385e-05,-2.107815106700097e-06,-9.030399967284044e-06,7.952624678150639e-06,2.7543373970330682e-05,-1.5083920785892379e-05,-9.506718484146027e-06,1.1530847108401396e-05,-1.9168506126600696e-05
7.098838192619718e-06,-2.1027102805934325e-05,-2.9250978603551105e-06,-1.4019004849977983e-05,3.6323810778328265e-06,4.622673344798807e-06,-1.6801401107025297e-05,4.141880432510402e-06,1.523590373080388e-05,-1.5407836540690868e-05
1.9935813407900715e-05,-1.6648031008136946e-05,-1.1553995785258568e-06,-1.66880816232515e-05,1.146087068674854e-06,-1.9001501573388136e-05,-1.1915682445369496e-05,1.0346100100366503e-05,1.4452035777599443e-05,-6.922754245685979e-06
2.6346900137591297e-05,-1.1657560821770809e-05,-7.420687160912647e-07,-1.766767163992522e-05,-2.7276206278044995e-06,-2.095331829769406e-05,-1.7526957221239077e-06,7.0328015222680606e-06,1.8363146773964642e-06,-4.482252632965379e-06
2.6700857890741226e-05,-1.0064015465539587e-05,-3.202830551213436e-06,-1.623670586458791e-05,-1.1917267604156472e-06,-1.573756878612254e-05,8.350461398142007e-06,-8.299582403587589e-07,-8.010881138989729e-06,-9.1616664402637e-06
2.2757031600961562e-05,-1.0531333619007769e-05,-5.61295663562837e-06,-1.182520534230662e-05,3.1838406345849785e-06,-1.0897650128131435e-05,1.3745694901138061e-05,-6.040762263073561e-06,-1.3492032222590805e-05,-1.3629739044336862e-05
1.636582668034029e-05,-1.1427224255259432e-05,-2.1577940308384356e-06,-5.174141712974914e-06,-1.957717155862159e-06,-5.876709240161069e-06,1.440325320781311e-05,-9.423003994938972e-06,-1.3911880959626416e-05,-1.6400772913625215e-05
8.30330044392942e-06,-1.2086699716747303e-05,6.37502368099333e-06,9.477324236578835e-07,-1.0247243697262198e-05,-1.2536011911974128e-06,1.0931120453662057e-05,-1.4221751668276e-05,-1.1967292583680534e-05,-1.7316714677081107e-05
7.61790236637335e-07,-1.116144453717184e-05,1.3521553812400715e-05,3.92989618471071e-06,-1.1807267633115445e-05,4.5919102399346115e-07,3.650375545261467e-06,-1.4630842349797667e-05,-8.74456792566493e-06,-1.529212534792601e-05
-3.7575725755017903e-06,-8.909348234555032e-06,1.3703987416928745e-05,3.8051242456359006e-06,-8.205492359409188e-06,-6.044334781585775e-07,-2.0435800335846934e-06,-1.1927337061004775e-05,-5.153649432284351e-06,-1.1039316977094712e-05
-4.513546445476339e-06,-5.77957850478235e-06,8.819515745564369e-06,6.525186175524702e-07,-2.9807158264477633e-06,-6.124144917100173e-07,-4.015053686592384e-06,-7.417125453017571e-06,-2.277366963314861e-06,-5.066189746901451e-06
-3.674388756171165e-06,-2.984921892370289e-06,2.392495960166576e-06,-1.8803307019111744e-06,2.2143981602149327e-07,-5.341723432022778e-07,-2.401912101634223e-06,-3.7151475008014356e-06,-7.417677604532611e-07,1.526038036965091e-07
-2.054517424185564e-06,-1.4570369490220375e-06,-7.36406113763769e-07,-1.4842728956419461e-06,5.055250067784095e-08,-8.920666616741207e-07,-1.064087298136249e-06,-1.5966848905456835e-06,-8.357169700669701e-07,3.3461420979008934e-06
-8.596622838165612e-07,-5.509462330682444e-07,-4.6649385910229274e-07,-5.482554862369528e-07,-5.09831679348613e-07,-7.966674394443898e-07,-3.8984332880184554e-07,-1.195225027438794e-07,-6.280368139164655e-07,2.0537288376178527e-06
-2.3529992225359113e-07,-1.1504742052281106e-07,-7.836018591623811e-08,-1.327427407982366e-07,-1.692696860232308e-07,-1.4987548076880792e-07,-7.699102972501167e-08,2.5129406242556586e-07,-1.0847558700004088e-07,2.395342298273418e-08
-2.3628981439443847e-10,-7.261233438199547e-10,-4.351854182491332e-09,-5.802695414291869e-10,-7.201349344620695e-10,-6.976012709341341e-10,1.6739902774119532e-09,-8.174292590937959e-10,-5.100935782086482e-10,-7.507326408031336e-10
1.0458152511496119e-08,-1.810324111012872e-08,4.2301415863169255e-08,7.941833942105994e-09,-5.468441542510636e-08,-1.9247898724186885e-07,9.851248511543926e-08,7.527475803353906e-09,-5.640257768058452e-09,8.354696856256357e-09
-6.778365092435087e-07,-1.9378562711664354e-07,-1.18536160563131e-07,-4.636198032750253e-07,-3.379727073587032e-07,1.0330843373180725e-06,3.494632178790037e-07,-3.9140871046898553e-07,-5.24549137284324e-07,-4.094462810013674e-07
-3.328274462516927e-06,-1.6909974453862232e-06,-1.6457458401809474e-06,-3.7835198624340723e-06,3.1330058803097185e-06,1.052697783913458e-05,-1.3646411351403778e-06,-3.841163667427095e-06,-1.2777187930417735e-06,-4.106499602478791e-06
-6.953380649824213e-06,-5.8433162518239625e-06,-3.349135373501661e-06,-7.503754538804871e-06,8.145639300516184e-06,2.565777063130095e-05,-4.814283410922521e-06,-8.473781172747103e-06,2.706671995844258e-06,-1.0248798189632781e-05
-6.9809298475757e-06,-1.1038344681678158e-05,-4.817272458740588e-06,-1.0705809967244203e-05,4.048525858210293e-06,3.1791018218182084e-05,-8.228031694034365e-06,-9.919005686271083e-06,6.5391594006704e-06,-1.489336830461757e-05
2.086253444960032e-06,-1.1071669110122504e-05,-4.533323096495447e-06,-1.1590289264961779e-05,1.69760739427977e-07,1.3854961828512459e-05,-8.321633297459742e-06,-5.000304344407113e-06,1.0993475340049416e-05,-1.2918149342843087e-05
1.541121493553776e-05,-6.754706768135011e-06,-2.542287898850618e-06,-9.37259563519416e-06,-2.203417510903022e-06,-5.1933322223646774e-06,-4.757476350882463e-06,-3.2173955353903826e-07,7.912297942340865e-06,-6.8844483602495314e-06
2.277214185484112e-05,-4.92858012543249e-06,-2.7199046585672353e-06,-8.892735588215785e-06,-4.035140380308032e-06,-9.408399382690351e-06,-2.818217863119267e-07,-1.8269934246156643e-06,-8.298003207545378e-07,-6.163216953984641e-06
2.3628346674160226e-05,-5.647009107861894e-06,-3.7228501123973858e-06,-1.0238117589603266e-05,-3.5224327944376506e-06,-9.98769547077403e-06,3.3257250826590072e-06,-5.261905755984246e-06,-5.343780428959473e-06,-8.411349682428055e-06
2.0715655916474703e-05,-6.142271444330203e-06,-3.68284053352111e-06,-9.714400361981144e-06,-1.7177866242625852e-06,-9.027472176787904e-06,5.606353673715441e-06,-5.93163349765469e-06,-7.412924955421733e-06,-9.507990998656602e-06
1.4583212336233842e-05,-6.506931776135356e-06,-6.839109576113808e-08,-7.918227215396208e-06,-3.6454698190871897e-06,-6.99563418725548e-06,6.003114042879748e-06,-6.109406604127244e-06,-7.683749055683886e-06,-1.0012686173152674e-05
7.061408544999875e-06,-6.630596115338041e-06,6.819818913928446e-06,-5.057671817234435e-06,-6.545469905784601e-06,-4.097532377748563e-06,3.1006766111167124e-06,-7.909055669226092e-06,-6.686194703430773e-06,-9.46437356587283e-06
3.607914360649786e-08,-5.659188607304289e-06,1.144354995492424e-05,-2.910441853127534e-06,-6.77448841176259e-06,-1.6678887693064036e-06,-2.595738057266058e-08,-7.641252960893177e-06,-4.663720626061237e-06,-7.510839214765513e-06
-2.3706487441173158e-06,-3.994123141048446e-06,1.0387117173053789e-05,-2.2758684682501344e-06,-4.431972442121105e-06,-8.115978478841787e-07,-1.6564178564357446e-06,-5.6643534338296276e-06,-2.9076655177596593e-06,-4.856812626560956e-06
-2.0374829305980215e-06,-2.273791538218449e-06,5.845584871615607e-06,-1.6572857570783337e-06,-1.36140517340746e-06,-8.548242620406914e-08,-1.7871667788951461e-06,-3.1653575121921713e-06,-9.167462886621191e-07,-2.2812399581443274e-06
-1.4592205200308738e-06,-1.1313297969402753e-06,1.5210387952793732e-06,-1.1959677790121873e-06,3.7999845303059903e-07,-2.11206770406133e-07,-8.880604963026329e-07,-1.5345323380866867e-06,-4.17088149562985e-07,-4.1508839345969964e-07
-7.414664548336258e-07,-4.93653986988031e-07,-1.1735685536589327e-07,-5.251160453648343e-07,4.228084976269163e-07,-4.5172956775900415e-07,-3.553086669329609e-07,-6.864131967812165e-07,-4.3666398208736773e-07,9.760487352770098e-07
-2.8805087247338064e-07,-1.854199098379112e-07,-1.6205484932127254e-07,-1.8719362901335795e-07,-6.30290917172949e-08,-2.5988600329459355e-07,-1.2656912784521e-07,-6.347482822771328e-08,-1.9143195106220795e-07,5.126458203459384e-07
-9.185583689928137e-08,-4.271390777485928e-08,-2.869149777186965e-08,-5.5365605210682926e-08,-7.008391099024863e-08,-5.452915819231613e-08,-2.7810631162049587e-08,9.061320703384342e-08,-3.210664163799819e-08,5.689694281414172e-09
1.3130505674800069e-09,1.2662135725695403e-09,-2.5661694088291197e-09,1.4926757176979853e-09,1.4715595037021931e-09,1.5782344288577793e-09,8.514760200650074e-11,1.5110256946013319e-09,1.3861857898099472e-09,1.5298913210628116e-09
6.945497036750372e-09,8.967506666365613e-11,4.040442579399188e-08,4.447868015009371e-09,-1.2941728543547271e-08,-6.892848258095508e-08,-9.225359767299061e-09,2.6994052588955206e-09,2.6353307517075455e-10,3.637192216868777e-09
-1.1003933415156566e-07,-3.598979707593228e-08,3.137352453718846e-09,-6.723986503577073e-08,-1.5016100772808683e-07,3.1604148791579853e-07,-1.0246931078581295e-08,-4.746882067767899e-08,-1.0405043759817806e-07,-5.2517718071391084e-08
-1.5863780593193504e-06,-8.810670247470447e-07,-6.890305332104095e-07,-1.3933681659636983e-06,1.0425169117667626e-06,5.228739597320578e-06,-6.246542346490144e-07,-1.314860133522782e-06,-6.344079915949268e-07,-1.399082923985795e-06
-5.356749484832613e-06,-3.248435029202904e-06,-2.438226562127119e-06,-4.586914543546444e-06,2.4458879639591706e-06,1.7488013552514636e-05,-2.1761883315831023e-06,-4.461504905030411e-06,-5.106282465945107e-07,-4.682943207040165e-06
-6.567313832225098e-06,-5.616424203525081e-06,-4.083410462299828e-06,-7.382416631735843e-06,-3.4169199966453973e-07,2.5435508237414854e-05,-3.784827552686678e-06,-7.244443244082125e-06,5.51723129876002e-07,-7.49626946148012e-06
-2.438099242441366e-06,-4.698886013403004e-06,-3.4290623799671006e-06,-6.105411468505596e-06,-2.476922827299319e-06,1.5583307309226277e-05,-3.277975070508014e-06,-5.52391777204948e-06,3.2278830418266875e-06,-6.146936952829078e-06
2.8876330084283407e-06,-1.8110682746093117e-06,-1.3941895580909486e-06,-2.7836975639012887e-06,-1.3793828563963785e-06,1.8960584896129764e-06,-1.0734890872801308e-06,-1.8070163708034998e-06,2.3808601137429186e-06,-2.4654438887599555e-06
5.062383513515433e-06,-1.6264460497356632e-06,-1.075565708093413e-06,-2.6722518050040685e-06,-1.8300192520676775e-06,-2.4416896862159107e-06,4.231465799974894e-07,-2.1080892188760005e-06,-3.2290228854134347e-07,-2.230002317962262e-06
6.013049117043859e-06,-2.4062853003149486e-06,-1.2379881799312325e-06,-3.7037065857961808e-06,-1.8094350525185642e-06,-3.744160771181042e-06,1.6655950798745575e-06,-3.3592661283162763e-06,-2.3233301897601875e-06,-3.4304667958111166e-06
5.689738210039709e-06,-2.5337276791302988e-06,-1.024558979837724e-06,-3.885626343206624e-06,-2.0019513021560178e-06,-3.3745802332039486e-06,1.8626523719215107e-06,-2.8027519596159395e-06,-2.628494858407972e-06,-3.7677497258474567e-06
3.655486699257542e-06,-2.7742925052890543e-06,1.0785267862313132e-06,-3.961058469272729e-06,-2.4072153783413154e-06,-3.1668012867071536e-06,1.6068999644178277e-06,-2.9294997700174987e-06,-2.7009571379103803e-06,-4.041988480209295e-06
1.0247292049199885e-06,-3.048418838371503e-06,4.926887994351057e-06,-4.0928874122445264e-06,-2.8676666327140727e-06,-3.206228845062379e-06,5.161315696148304e-07,-3.52441930292045e-06,-2.882411846591056e-06,-4.146548744412503e-06
-3.173536738807383e-07,-1.9815744798002853e-06,6.208056521724528e-06,-2.97891553144768e-06,-2.4525572782169284e-06,-2.041829036271139e-06,-3.8832303398788417e-07,-2.4299391583215072e-06,-1.933034392508855e-06,-2.650962358791479e-06
-8.736052672701449e-07,-9.462160327601122e-07,5.196329193872573e-06,-2.0120745456634877e-06,-1.48065724522594e-06,-9.864674551307582e-07,-7.814566493037794e-07,-1.6830604636753003e-06,-1.1507734788551551e-06,-1.3230095616542412e-06
-5.878650251952379e-07,-4.30334666312065e-07,2.8365447284869265e-06,-1.1359213709530696e-06,-4.253472281417178e-07,-3.553304739060033e-07,-5.780170187357038e-07,-9.124482278003538e-07,-5.035692342450859e-07,-5.388624584562284e-07
-2.685608243696637e-07,-1.533359020413551e-07,5.885943898251219e-07,-3.078714815358117e-07,2.053601045432445e-07,-1.8684358078932627e-07,-1.6677902476836518e-07,-2.821188061786651e-07,-1.9074732267472303e-07,-9.733613441637691e-08
-7.845840490215106e-08,-5.3507310652822523e-08,-7.978339239651042e-08,-5.5846878644052696e-08,1.290694829959356e-07,-8.821537419965474e-08,-3.019337901959305e-08,-6.373078612772809e-08,-6.69051551837056e-08,8.070941159063735e-08
-3.034720504441611e-08,-1.461321657445337e-08,-1.4118131494853868e-08,-2.3760954807617876e-08,9.047078346971205e-09,-1.973676217901356e-08,-1.004098739495305e-08,-1.3563187675764853e-08,-1.4617219556403186e-08,5.4427610406699095e-08
4.818492078690391e-09,2.1960028422409693e-09,1.572955980683663e-09,3.0801195729367243e-09,-3.3402414094860105e-10,2.9152219775019658e-09,1.5295977132492441e-09,-2.4172226400348816e-09,3.5422183141187737e-09,-4.624747780239364e-09
-4.281349744877046e-11,-4.172460545861232e-11,1.0932311332381978e-10,-5.077684319941784e-11,-4.931312676153525e-11,-5.3412201522764896e-11,1.4786073071177619e-12,-4.9862961006281706e-11,-4.7405755864834404e-11,-5.12589107987479e-11
9.780773850622586e-10,9.93558341621357e-10,-1.4812184344446824e-09,8.203922344619349e-10,1.7379510354798358e-09,-3.6920849063133227e-10,3.755430272022526e-10,8.953898901335515e-10,9.010310754038152e-10,8.507315628350386e-10
2.456918222635686e-08,1.1201686980721473e-08,7.97867371704632e-09,1.95750392361126e-08,4.263256672248078e-09,-7.610934958464296e-08,9.737029715633844e-10,1.725824629802794e-08,3.968970030619509e-09,1.851710922609641e-08
-1.6157038809836386e-07,-9.78076188691907e-08,-2.305526007352072e-08,-1.226445228029269e-07,-1.2694460325510583e-07,5.211788662135864e-07,-5.254116569658142e-08,-1.148451010617028e-07,-3.892856765953064e-08,-1.1742995051389111e-07
-1.240081788896868e-06,-7.587197774221335e-07,-5.252948526917632e-07,-9.862730224802047e-07,-3.7563659607484863e-07,4.068282043181642e-06,-3.8220044669771443e-07,-9.755361407980838e-07,-1.9592068711571542e-07,-9.864368560149794e-07
-2.618699138913306e-06,-1.7232455012890446e-06,-1.2314463155238833e-06,-2.156724308825821e-06,-7.748721615566995e-07,8.279214951891146e-06,-1.0463583049451537e-06,-2.236579647539694e-06,-5.817167203281238e-07,-2.2000242654079043e-06
-1.8318497273278206e-06,-1.2683881310726615e-06,-8.983904707210311e-07,-1.5259829164460287e-06,-8.743570669249665e-07,5.58654808374669e-06,-8.184428339583605e-07,-1.6827357661393538e-06,-3.530779784684075e-07,-1.5797433964846601e-06
-7.040484913149329e-07,-2.280382325074642e-07,-1.978126279124063e-07,-3.2575513049563846e-07,-2.3806378404258582e-07,1.392539782748669e-06,-1.900023064333692e-07,-4.537995232058707e-07,2.0482613092293303e-07,-3.5884253915309983e-07
-4.2572471565254977e-07,-6.899193379427712e-08,9.7547902213729e-08,-1.1905729670085145e-07,-1.7116115900707468e-07,1.5552134146748947e-07,-1.6700369876392273e-08,-2.068528463754832e-07,2.247737964439705e-07,-1.5288475215391492e-07
-6.673030506401368e-07,-1.3679492242524025e-07,9.755092772026715e-08,-1.3095045511228766e-07,-1.9898137647763046e-07,-1.5771944392468787e-07,4.0988572135042453e-07,-1.8474098751812606e-07,-4.354805282729148e-09,-5.4161623773892176e-08
-7.689047184428236e-07,-1.208954721178906e-07,7.104493866360519e-09,-1.5048216701285688e-07,-2.5895429058985265e-07,-1.800107755510393e-07,5.634496751710225e-07,-1.5529223779927448e-08,-1.6973659485187172e-07,8.61675316512069e-10
-7.524531587281636e-07,-2.9027083579199145e-07,6.554030915743858e-07,-3.469948330660366e-07,-2.8206211097249155e-07,-3.1412431129481107e-07,2.2931162619696169e-07,-2.8214019426214815e-07,-3.3737031515992817e-07,-2.571380244463703e-07
-6.874128667156186e-07,-5.016904912581403e-07,1.6729009780461193e-06,-6.897071339914022e-07,-4.7322664399759333e-07,-5.75369803639839e-07,-1.0828966268197393e-07,-5.946093185497506e-07,-5.807470823845096e-07,-6.45305168000584e-07
-1.962691333222379e-07,-2.1752574418247936e-07,1.2701797492686592e-06,-3.6905243350048913e-07,-2.7414654163709245e-07,-3.1715156393401323e-07,-1.5870118469186045e-07,-2.7935602212847844e-07,-3.1050695437708113e-07,-3.074000692314053e-07
2.5171151083435957e-09,-5.091787145521966e-08,8.030710639526545e-07,-2.11199658727218e-07,-1.393262380773518e-07,-2.2525407078549124e-07,-1.0479453617485693e-07,-1.2067011176718978e-07,-1.7632947385202746e-07,-1.4981003084512373e-07
1.5306077518717732e-07,9.803984188036278e-08,5.009669251994816e-07,-1.52260955305706e-07,-4.6032556167456e-08,-1.6276250657491778e-07,-7.405393732700506e-08,-1.0520612301361762e-07,-1.3477478289976558e-07,-1.2869632870324469e-07
2.853826643253009e-08,1.0900512329680906e-08,1.5066467936312197e-07,-3.832021477637818e-08,6.963839497853498e-09,-4.3252620494855946e-08,-1.802921272751803e-08,-2.7668558625520808e-08,-3.508192678017065e-08,-4.3466678491832643e-08
5.578069480101365e-09,6.005316316023709e-09,-1.1142775282677095e-08,1.2810251356532887e-08,-1.0819299759237607e-08,1.297585437082208e-08,7.482372253312138e-09,1.3185181810841261e-08,1.1261879594154879e-08,-6.688064967771022e-09
4.1498203391209195e-09,2.5153109552911497e-09,1.4208461507175516e-09,3.1792994412175627e-09,2.665400951054509e-10,3.478363985233875e-09,1.727770465055638e-09,9.83101399376665e-10,2.500637117996582e-09,-6.091741928795216e-09
6.334628053405505e-10,2.9852180965600946e-10,2.0182538288515587e-10,3.5646118108204707e-10,6.673428673175276e-10,3.803152018567335e-10,1.9266599778823649e-10,-5.887519154352426e-10,1.0886567946186635e-10,-1.0979975078272003e-11
0.0,0.0,0.0,0.0,0.0,0.0,0.0,0.0,0.0,0.0
-1.1024123266962674e-10,-7.800323626047233e-11,-1.22920872494082e-11,-9.001867991555807e-11,-8.731885030741257e-11,3.08877723714366e-10,-4.921226337846523e-11,-9.275020592399716e-11,-7.9312312907557e-11,-9.18987442411057e-11
3.734734844133863e-10,-5.324670047786869e-10,2.4822066128504854e-10,5.62336458339848e-10,1.8424162684113656e-09,-2.9048658783776386e-09,2.4561354414824146e-11,4.1489149860525584e-10,-1.5854088278266203e-09,5.411248764560323e-10
1.2060986388059506e-08,1.820846702599264e-08,1.9006944599870137e-09,9.76968654202325e-09,-1.754212400881801e-09,-9.199077874067378e-09,3.5501158351853185e-09,1.1661214379339225e-08,1.7687746243592942e-08,1.0587020302546418e-08
-4.139753670894542e-08,-5.968173045006065e-08,-4.7291022737664824e-08,-7.454992288253109e-08,-1.0258959940686822e-07,1.2631893176548584e-08,3.9333106254641404e-08,-7.572050866920789e-08,1.2206292782777036e-07,-8.036795874366737e-08
-7.765888504962324e-08,-1.111469058984398e-07,-7.412986677261732e-08,-1.227477005630989e-07,-6.879154032604026e-08,3.938836208498563e-08,-6.5932116564545775e-09,-1.3510509376805113e-07,1.795379494843473e-07,-1.3904205974761604e-07
-4.995082368016934e-08,-5.1437084445462296e-08,-3.225917762634524e-08,-5.414552116563664e-08,-4.5651763934531614e-08,4.064925455863558e-08,-3.402071056642493e-08,-6.642768759007839e-08,-8.531091882529836e-09,-6.433466119644138e-08
1.1379661907612814e-08,-1.169321848019847e-08,-6.209736511084518e-09,-4.8377462983945585e-09,-1.7976272741488803e-08,2.459006743967528e-08,-3.6674537978109167e-09,-5.5714620122626274e-09,-4.597273043900111e-08,-5.792435120674639e-09
6.413167524368483e-08,-1.269458017562806e-08,-9.911109463691273e-09,-1.4134931088272799e-08,-1.3312026023902693e-08,2.5689492019922242e-08,-1.9111644547814557e-08,-1.280384988351514e-08,4.140532695405306e-08,-1.6132027000395264e-08
4.223362221611899e-08,9.482417180984632e-09,7.843899602062244e-09,8.663190195247635e-09,6.872216468041264e-09,5.546602622687032e-09,-4.952539569252728e-08,9.905155601673155e-09,3.816884361048989e-08,1.6198522059102887e-08
2.3908953251397024e-08,1.2676371471807911e-08,3.276105545844216e-08,2.5490356639777325e-08,1.2062480238801573e-08,8.997558322096056e-09,-6.744738374770102e-08,-8.835570863698075e-09,3.8661682931418434e-09,2.752844657098599e-08
2.406449529631797e-08,-8.011332908497471e-09,3.23684809743203e-08,1.5516976122247506e-08,5.187093718387979e-08,-1.752266181940376e-08,-5.9091406560373506e-08,-1.999331049162108e-08,-6.01005289424969e-09,9.094190313890796e-09
1.2044457173439937e-08,5.427308116157506e-09,2.370713072364789e-08,-4.8327935416023756e-08,2.993088258215784e-08,-6.694979841705991e-08,-4.622452795401546e-08,-5.7741528529302865e-08,-4.3033407243224326e-08,-5.350649299897971e-08
3.597136051077167e-09,1.4159225598545683e-07,-1.0252224025472166e-07,-3.714123343646596e-08,-2.12762874517711e-08,-4.930963403359398e-08,-2.4580810072959625e-08,-4.440796717013155e-08,-3.3272997734063275e-08,-4.1681099093168684e-08
2.277050035380177e-08,1.662276739652497e-08,-2.8732507085318616e-08,-5.859951668980748e-09,-5.153535623637824e-09,-7.949312246508534e-09,-4.898429849103983e-09,-6.118536355352403e-09,-4.612964762502867e-09,-5.260126628996396e-09
7.887260859131541e-08,1.9711497768691313e-08,-2.869400910915474e-08,1.6194260341075417e-09,-4.128132921641291e-09,1.470218084105961e-09,7.793445277350694e-10,2.036768445226812e-09,1.9492720480633593e-09,1.8652680253022107e-09
1.632153089257668e-08,-1.8169610932494653e-09,3.179725405438476e-09,1.864334634802692e-09,-3.839757520465155e-09,1.8911509336736318e-09,7.494474819106207e-10,1.3860753182508092e-09,1.583764378981819e-09,1.5322419816018828e-09
-3.4976619689108777e-09,-2.2480360758243858e-10,3.630604241479935e-09,-7.61695672749777e-10,-2.2937598240318257e-10,-7.468135533634213e-10,-4.4071847675313267e-10,-8.462414178716489e-10,-6.920088918829383e-10,-8.095032785071389e-10
1.1366864740316211e-10,2.3196290913589656e-11,-3.0998265880441776e-10,4.649176674353968e-11,5.317755294835367e-11,4.524158101361645e-11,2.980881710102191e-11,5.731902401331848e-11,4.2924141329776436e-11,5.3105871674154066e-11
0.0,0.0,0.0,0.0,0.0,0.0,0.0,0.0,0.0,0.0
